,FTR
0,NH
1,H
2,NH
3,H
4,NH
5,H
6,NH
7,NH
8,NH
9,NH
10,NH
11,NH
12,NH
13,NH
14,H
15,H
16,H
17,NH
18,NH
19,NH
20,H
21,H
22,H
23,NH
24,H
25,H
26,H
27,H
28,NH
29,H
30,H
31,NH
32,H
33,H
34,NH
35,NH
36,H
37,NH
38,H
39,NH
40,NH
41,H
42,NH
43,H
44,H
45,H
46,H
47,NH
48,NH
49,NH
50,NH
51,H
52,NH
53,NH
54,NH
55,H
56,NH
57,NH
58,NH
59,NH
60,H
61,NH
62,NH
63,NH
64,H
65,H
66,H
67,NH
68,NH
69,NH
70,H
71,H
72,H
73,H
74,H
75,NH
76,NH
77,NH
78,NH
79,H
80,H
81,NH
82,NH
83,H
84,NH
85,H
86,H
87,NH
88,H
89,H
90,H
91,NH
92,H
93,NH
94,H
95,NH
96,H
97,NH
98,H
99,NH
100,NH
101,NH
102,H
103,NH
104,H
105,NH
106,H
107,H
108,NH
109,NH
110,NH
111,NH
112,H
113,H
114,H
115,H
116,H
117,NH
118,NH
119,NH
120,H
121,NH
122,NH
123,NH
124,NH
125,NH
126,NH
127,NH
128,H
129,NH
130,H
131,H
132,NH
133,NH
134,H
135,NH
136,H
137,NH
138,H
139,NH
140,H
141,H
142,H
143,H
144,H
145,H
146,NH
147,H
148,NH
149,H
150,H
151,NH
152,H
153,H
154,H
155,NH
156,NH
157,NH
158,H
159,H
160,H
161,NH
162,H
163,H
164,NH
165,NH
166,H
167,NH
168,H
169,NH
170,NH
171,H
172,H
173,H
174,NH
175,NH
176,H
177,H
178,NH
179,H
180,H
181,NH
182,H
183,NH
184,H
185,NH
186,H
187,NH
188,NH
189,H
190,NH
191,NH
192,H
193,NH
194,NH
195,H
196,H
197,H
198,NH
199,H
200,H
201,H
202,H
203,NH
204,NH
205,H
206,NH
207,H
208,NH
209,H
210,H
211,NH
212,H
213,H
214,NH
215,H
216,NH
217,H
218,NH
219,H
220,H
221,H
222,NH
223,NH
224,H
225,NH
226,NH
227,NH
228,NH
229,NH
230,H
231,H
232,NH
233,NH
234,H
235,NH
236,NH
237,H
238,NH
239,NH
240,NH
241,H
242,NH
243,NH
244,NH
245,NH
246,NH
247,NH
248,H
249,NH
250,H
251,NH
252,H
253,H
254,NH
255,H
256,NH
257,H
258,NH
259,H
260,NH
261,NH
262,H
263,H
264,NH
265,NH
266,H
267,NH
268,NH
269,NH
270,H
271,NH
272,NH
273,H
274,NH
275,H
276,H
277,NH
278,NH
279,H
280,H
281,H
282,H
283,NH
284,NH
285,NH
286,H
287,H
288,H
289,H
290,H
291,H
292,H
293,NH
294,H
295,H
296,NH
297,H
298,H
299,H
300,NH
301,H
302,H
303,H
304,NH
305,H
306,H
307,H
308,H
309,NH
310,H
311,H
312,H
313,H
314,NH
315,NH
316,H
317,H
318,H
319,NH
320,NH
321,NH
322,H
323,H
324,H
325,NH
326,NH
327,NH
328,NH
329,NH
330,H
331,H
332,NH
333,NH
334,NH
335,H
336,NH
337,NH
338,NH
339,NH
340,H
341,NH
342,NH
343,H
344,NH
345,NH
346,NH
347,H
348,NH
349,NH
350,H
351,NH
352,NH
353,NH
354,NH
355,NH
356,H
357,NH
358,NH
359,H
360,NH
361,NH
362,H
363,H
364,NH
365,NH
366,NH
367,H
368,NH
369,NH
370,H
371,H
372,NH
373,H
374,H
375,NH
376,NH
377,NH
378,NH
379,H
380,NH
381,NH
382,NH
383,H
384,NH
385,NH
386,NH
387,H
388,NH
389,H
390,H
391,NH
392,NH
393,NH
394,H
395,H
396,H
397,H
398,NH
399,H
400,NH
401,NH
402,H
403,H
404,NH
405,H
406,H
407,H
408,NH
409,NH
410,NH
411,H
412,NH
413,NH
414,NH
415,NH
416,H
417,H
418,H
419,H
420,H
421,NH
422,H
423,NH
424,H
425,H
426,H
427,H
428,NH
429,H
430,H
431,H
432,NH
433,NH
434,H
435,NH
436,H
437,H
438,NH
439,NH
440,NH
441,H
442,NH
443,H
444,NH
445,H
446,NH
447,H
448,H
449,NH
450,NH
451,NH
452,NH
453,NH
454,NH
455,NH
456,NH
457,NH
458,H
459,NH
460,H
461,H
462,H
463,NH
464,H
465,NH
466,NH
467,H
468,H
469,NH
470,NH
471,H
472,NH
473,NH
474,NH
475,NH
476,NH
477,NH
478,NH
479,NH
480,NH
481,NH
482,NH
483,NH
484,H
485,H
486,H
487,NH
488,H
489,H
490,NH
491,H
492,NH
493,NH
494,H
495,H
496,H
497,NH
498,H
499,NH
500,NH
501,H
502,NH
503,NH
504,H
505,NH
506,NH
507,H
508,H
509,NH
510,NH
511,H
512,NH
513,NH
514,NH
515,H
516,H
517,H
518,NH
519,H
520,H
521,NH
522,NH
523,NH
524,H
525,NH
526,NH
527,H
528,H
529,NH
530,NH
531,H
532,H
533,H
534,NH
535,NH
536,H
537,NH
538,H
539,H
540,H
541,NH
542,NH
543,H
544,H
545,NH
546,NH
547,NH
548,NH
549,H
550,H
551,NH
552,H
553,NH
554,H
555,H
556,NH
557,H
558,NH
559,H
560,NH
561,NH
562,NH
563,H
564,H
565,NH
566,NH
567,H
568,NH
569,H
570,NH
571,NH
572,H
573,NH
574,NH
575,NH
576,NH
577,NH
578,NH
579,H
580,NH
581,H
582,H
583,NH
584,H
585,H
586,NH
587,H
588,NH
589,NH
590,H
591,NH
592,NH
593,NH
594,H
595,H
596,NH
597,NH
598,H
599,NH
600,H
601,H
602,H
603,NH
604,NH
605,H
606,H
607,NH
608,H
609,H
610,NH
611,H
612,H
613,NH
614,NH
615,H
616,H
617,NH
618,H
619,NH
620,H
621,NH
622,NH
623,H
624,NH
625,H
626,NH
627,NH
628,NH
629,NH
630,NH
631,NH
632,H
633,NH
634,NH
635,NH
636,NH
637,H
638,NH
639,NH
640,H
641,NH
642,NH
643,H
644,NH
645,NH
646,H
647,NH
648,H
649,H
650,H
651,NH
652,NH
653,NH
654,H
655,H
656,NH
657,NH
658,H
659,NH
660,NH
661,H
662,NH
663,H
664,NH
665,NH
666,NH
667,H
668,NH
669,NH
670,NH
671,NH
672,NH
673,H
674,NH
675,NH
676,NH
677,NH
678,H
679,H
680,NH
681,H
682,H
683,H
684,NH
685,NH
686,H
687,H
688,NH
689,NH
690,H
691,NH
692,NH
693,NH
694,NH
695,H
696,H
697,NH
698,NH
699,H
700,NH
701,NH
702,NH
703,H
704,H
705,NH
706,NH
707,H
708,H
709,NH
710,H
711,H
712,H
713,H
714,NH
715,H
716,NH
717,H
718,NH
719,H
720,H
721,H
722,H
723,NH
724,NH
725,H
726,NH
727,H
728,NH
729,NH
730,NH
731,NH
732,NH
733,NH
734,NH
735,H
736,NH
737,H
738,H
739,NH
740,NH
741,NH
742,H
743,NH
744,NH
745,NH
746,NH
747,H
748,NH
749,H
750,NH
751,H
752,NH
753,H
754,NH
755,H
756,NH
757,NH
758,H
759,H
760,H
761,H
762,NH
763,H
764,NH
765,NH
766,H
767,H
768,NH
769,NH
770,H
771,H
772,H
773,H
774,H
775,NH
776,NH
777,H
778,H
779,NH
780,NH
781,H
782,H
783,NH
784,H
785,H
786,NH
787,NH
788,NH
789,H
790,H
791,NH
792,NH
793,NH
794,NH
795,H
796,NH
797,NH
798,H
799,H
800,H
801,H
802,H
803,H
804,NH
805,H
806,H
807,H
808,NH
809,NH
810,H
811,H
812,NH
813,H
814,NH
815,H
816,NH
817,H
818,H
819,NH
820,NH
821,NH
822,NH
823,H
824,NH
825,H
826,H
827,H
828,H
829,H
830,H
831,NH
832,NH
833,NH
834,NH
835,NH
836,H
837,H
838,NH
839,NH
840,NH
841,H
842,NH
843,NH
844,H
845,H
846,NH
847,H
848,NH
849,NH
850,H
851,NH
852,H
853,NH
854,H
855,NH
856,H
857,NH
858,H
859,H
860,NH
861,NH
862,NH
863,H
864,H
865,H
866,NH
867,H
868,H
869,NH
870,H
871,H
872,NH
873,NH
874,NH
875,NH
876,NH
877,H
878,H
879,NH
880,NH
881,H
882,NH
883,H
884,H
885,H
886,H
887,H
888,H
889,H
890,NH
891,NH
892,NH
893,H
894,H
895,NH
896,H
897,H
898,H
899,H
900,NH
901,H
902,NH
903,H
904,NH
905,NH
906,NH
907,NH
908,NH
909,NH
910,NH
911,H
912,NH
913,H
914,NH
915,NH
916,NH
917,H
918,NH
919,NH
920,NH
921,NH
922,NH
923,NH
924,H
925,NH
926,H
927,H
928,H
929,H
930,H
931,H
932,NH
933,NH
934,H
935,H
936,H
937,NH
938,NH
939,H
940,NH
941,NH
942,H
943,NH
944,H
945,H
946,H
947,H
948,NH
949,NH
950,H
951,H
952,NH
953,NH
954,H
955,H
956,H
957,H
958,NH
959,NH
960,NH
961,H
962,H
963,NH
964,NH
965,H
966,NH
967,H
968,H
969,NH
970,NH
971,H
972,H
973,H
974,H
975,NH
976,NH
977,H
978,H
979,NH
980,H
981,NH
982,NH
983,NH
984,NH
985,H
986,NH
987,H
988,H
989,H
990,H
991,NH
992,NH
993,H
994,NH
995,NH
996,NH
997,H
998,H
999,H
1000,NH
1001,NH
1002,NH
1003,NH
1004,H
1005,NH
1006,NH
1007,H
1008,NH
1009,NH
1010,NH
1011,H
1012,H
1013,NH
1014,NH
1015,NH
1016,NH
1017,H
1018,NH
1019,NH
1020,H
1021,NH
1022,NH
1023,NH
1024,H
1025,NH
1026,NH
1027,NH
1028,H
1029,H
1030,H
1031,H
1032,H
1033,NH
1034,NH
1035,NH
1036,H
1037,H
1038,NH
1039,H
1040,H
1041,NH
1042,H
1043,H
1044,H
1045,H
1046,NH
1047,NH
1048,NH
1049,H
1050,NH
1051,H
1052,NH
1053,H
1054,NH
1055,H
1056,H
1057,H
1058,NH
1059,H
1060,NH
1061,H
1062,NH
1063,NH
1064,H
1065,H
1066,H
1067,H
1068,NH
1069,NH
1070,H
1071,NH
1072,NH
1073,NH
1074,NH
1075,NH
1076,H
1077,H
1078,NH
1079,H
1080,H
1081,NH
1082,H
1083,NH
1084,H
1085,H
1086,NH
1087,NH
1088,H
1089,H
1090,NH
1091,NH
1092,NH
1093,H
1094,NH
1095,NH
1096,NH
1097,H
1098,NH
1099,NH
1100,H
1101,NH
1102,H
1103,H
1104,H
1105,NH
1106,NH
1107,H
1108,H
1109,NH
1110,H
1111,NH
1112,H
1113,NH
1114,H
1115,H
1116,NH
1117,NH
1118,NH
1119,NH
1120,NH
1121,NH
1122,H
1123,NH
1124,NH
1125,NH
1126,NH
1127,NH
1128,H
1129,NH
1130,NH
1131,NH
1132,NH
1133,NH
1134,H
1135,H
1136,NH
1137,NH
1138,NH
1139,NH
1140,H
1141,NH
1142,H
1143,NH
1144,NH
1145,H
1146,H
1147,NH
1148,NH
1149,NH
1150,H
1151,NH
1152,H
1153,H
1154,H
1155,H
1156,NH
1157,H
1158,NH
1159,NH
1160,NH
1161,H
1162,NH
1163,NH
1164,H
1165,NH
1166,H
1167,H
1168,NH
1169,H
1170,NH
1171,NH
1172,H
1173,H
1174,H
1175,H
1176,NH
1177,H
1178,H
1179,NH
1180,NH
1181,H
1182,H
1183,H
1184,H
1185,NH
1186,H
1187,H
1188,H
1189,NH
1190,H
1191,NH
1192,H
1193,NH
1194,H
1195,NH
1196,H
1197,H
1198,H
1199,NH
1200,H
1201,H
1202,NH
1203,NH
1204,H
1205,NH
1206,NH
1207,NH
1208,NH
1209,H
1210,H
1211,NH
1212,H
1213,NH
1214,H
1215,NH
1216,H
1217,H
1218,NH
1219,NH
1220,NH
1221,H
1222,H
1223,NH
1224,NH
1225,NH
1226,NH
1227,H
1228,H
1229,H
1230,H
1231,H
1232,H
1233,NH
1234,H
1235,NH
1236,NH
1237,NH
1238,NH
1239,H
1240,NH
1241,H
1242,NH
1243,NH
1244,H
1245,NH
1246,H
1247,NH
1248,H
1249,NH
1250,H
1251,NH
1252,H
1253,NH
1254,NH
1255,H
1256,NH
1257,NH
1258,NH
1259,H
1260,H
1261,H
1262,H
1263,NH
1264,NH
1265,H
1266,NH
1267,H
1268,H
1269,NH
1270,NH
1271,NH
1272,H
1273,NH
1274,NH
1275,NH
1276,H
1277,NH
1278,NH
1279,NH
1280,H
1281,NH
1282,H
1283,H
1284,NH
1285,H
1286,NH
1287,NH
1288,H
1289,NH
1290,H
1291,H
1292,NH
1293,H
1294,NH
1295,H
1296,H
1297,NH
1298,NH
1299,NH
1300,H
1301,NH
1302,NH
1303,NH
1304,NH
1305,H
1306,NH
1307,H
1308,H
1309,H
1310,H
1311,NH
1312,H
1313,H
1314,NH
1315,H
1316,NH
1317,NH
1318,NH
1319,NH
1320,H
1321,H
1322,NH
1323,NH
1324,NH
1325,NH
1326,H
1327,NH
1328,H
1329,NH
1330,NH
1331,NH
1332,H
1333,NH
1334,H
1335,H
1336,NH
1337,H
1338,H
1339,NH
1340,NH
1341,NH
1342,NH
1343,NH
1344,NH
1345,H
1346,NH
1347,NH
1348,NH
1349,H
1350,NH
1351,H
1352,NH
1353,NH
1354,NH
1355,H
1356,NH
1357,NH
1358,H
1359,H
1360,NH
1361,NH
1362,NH
1363,NH
1364,NH
1365,NH
1366,H
1367,H
1368,H
1369,H
1370,NH
1371,H
1372,H
1373,NH
1374,H
1375,H
1376,NH
1377,NH
1378,NH
1379,NH
1380,NH
1381,NH
1382,H
1383,H
1384,H
1385,NH
1386,NH
1387,NH
1388,H
1389,NH
1390,H
1391,NH
1392,H
1393,NH
1394,H
1395,H
1396,NH
1397,H
1398,H
1399,H
1400,H
1401,H
1402,H
1403,NH
1404,NH
1405,H
1406,H
1407,NH
1408,NH
1409,NH
1410,NH
1411,H
1412,NH
1413,H
1414,NH
1415,NH
1416,H
1417,NH
1418,H
1419,H
1420,H
1421,NH
1422,NH
1423,NH
1424,H
1425,H
1426,H
1427,H
1428,NH
1429,NH
1430,H
1431,NH
1432,H
1433,H
1434,NH
1435,NH
1436,H
1437,NH
1438,NH
1439,NH
1440,NH
1441,H
1442,H
1443,H
1444,H
1445,H
1446,H
1447,H
1448,NH
1449,H
1450,H
1451,NH
1452,NH
1453,H
1454,NH
1455,NH
1456,NH
1457,NH
1458,NH
1459,H
1460,H
1461,H
1462,NH
1463,NH
1464,H
1465,NH
1466,H
1467,H
1468,NH
1469,H
1470,H
1471,H
1472,H
1473,H
1474,H
1475,H
1476,NH
1477,H
1478,NH
1479,NH
1480,NH
1481,H
1482,NH
1483,NH
1484,NH
1485,H
1486,H
1487,NH
1488,H
1489,H
1490,H
1491,H
1492,H
1493,NH
1494,H
1495,H
1496,H
1497,NH
1498,NH
1499,H
1500,H
1501,NH
1502,NH
1503,NH
1504,NH
1505,H
1506,H
1507,H
1508,NH
1509,NH
1510,H
1511,H
1512,NH
1513,NH
1514,NH
1515,H
1516,H
1517,NH
1518,NH
1519,NH
1520,NH
1521,H
1522,H
1523,H
1524,H
1525,H
1526,NH
1527,NH
1528,NH
1529,H
1530,NH
1531,H
1532,H
1533,NH
1534,H
1535,NH
1536,NH
1537,H
1538,H
1539,NH
1540,H
1541,H
1542,H
1543,NH
1544,NH
1545,NH
1546,H
1547,NH
1548,H
1549,H
1550,H
1551,NH
1552,H
1553,NH
1554,H
1555,NH
1556,H
1557,NH
1558,NH
1559,H
1560,NH
1561,H
1562,NH
1563,NH
1564,H
1565,H
1566,NH
1567,NH
1568,NH
1569,NH
1570,H
1571,H
1572,H
1573,NH
1574,NH
1575,H
1576,H
1577,NH
1578,H
1579,NH
1580,NH
1581,H
1582,NH
1583,NH
1584,H
1585,NH
1586,H
1587,NH
1588,NH
1589,NH
1590,H
1591,NH
1592,H
1593,NH
1594,NH
1595,H
1596,NH
1597,H
1598,H
1599,NH
1600,H
1601,H
1602,H
1603,H
1604,NH
1605,NH
1606,NH
1607,H
1608,H
1609,H
1610,H
1611,H
1612,NH
1613,NH
1614,H
1615,NH
1616,NH
1617,H
1618,NH
1619,H
1620,NH
1621,H
1622,NH
1623,NH
1624,NH
1625,NH
1626,NH
1627,NH
1628,H
1629,NH
1630,NH
1631,NH
1632,NH
1633,NH
1634,NH
1635,NH
1636,H
1637,H
1638,H
1639,H
1640,NH
1641,NH
1642,H
1643,H
1644,H
1645,H
1646,H
1647,NH
1648,H
1649,H
1650,NH
1651,H
1652,NH
1653,NH
1654,H
1655,NH
1656,H
1657,NH
1658,H
1659,NH
1660,H
1661,H
1662,NH
1663,NH
1664,H
1665,H
1666,H
1667,NH
1668,H
1669,H
1670,H
1671,NH
1672,H
1673,NH
1674,H
1675,H
1676,NH
1677,NH
1678,H
1679,NH
1680,NH
1681,NH
1682,NH
1683,H
1684,NH
1685,H
1686,H
1687,NH
1688,H
1689,H
1690,NH
1691,H
1692,NH
1693,H
1694,H
1695,NH
1696,H
1697,H
1698,NH
1699,NH
1700,NH
1701,NH
1702,NH
1703,NH
1704,NH
1705,NH
1706,NH
1707,NH
1708,H
1709,H
1710,NH
1711,NH
1712,H
1713,H
1714,NH
1715,NH
1716,H
1717,NH
1718,H
1719,NH
1720,NH
1721,NH
1722,NH
1723,H
1724,NH
1725,H
1726,NH
1727,H
1728,NH
1729,H
1730,H
1731,NH
1732,H
1733,H
1734,NH
1735,H
1736,NH
1737,NH
1738,NH
1739,NH
1740,NH
1741,H
1742,H
1743,NH
1744,H
1745,H
1746,H
1747,H
1748,H
1749,NH
1750,H
1751,NH
1752,H
1753,NH
1754,NH
1755,NH
1756,NH
1757,H
1758,H
1759,NH
1760,NH
1761,NH
1762,H
1763,H
1764,H
1765,NH
1766,NH
1767,NH
1768,H
1769,H
1770,H
1771,H
1772,NH
1773,NH
1774,H
1775,H
1776,NH
1777,NH
1778,NH
1779,NH
1780,NH
1781,NH
1782,NH
1783,NH
1784,NH
1785,NH
1786,NH
1787,NH
1788,NH
1789,H
1790,NH
1791,NH
1792,H
1793,NH
1794,NH
1795,NH
1796,H
1797,H
1798,NH
1799,H
1800,H
1801,NH
1802,NH
1803,H
1804,NH
1805,H
1806,H
1807,NH
1808,NH
1809,NH
1810,H
1811,H
1812,H
1813,H
1814,NH
1815,H
1816,NH
1817,NH
1818,NH
1819,H
1820,H
1821,H
1822,H
1823,H
1824,H
1825,H
1826,H
1827,NH
1828,H
1829,H
1830,NH
1831,H
1832,NH
1833,NH
1834,H
1835,H
1836,H
1837,NH
1838,NH
1839,NH
1840,H
1841,NH
1842,H
1843,NH
1844,H
1845,NH
1846,H
1847,NH
1848,H
1849,H
1850,H
1851,H
1852,NH
1853,NH
1854,NH
1855,NH
1856,H
1857,H
1858,NH
1859,NH
1860,NH
1861,NH
1862,H
1863,NH
1864,NH
1865,NH
1866,H
1867,H
1868,H
1869,H
1870,NH
1871,H
1872,NH
1873,H
1874,H
1875,H
1876,H
1877,H
1878,H
1879,H
1880,NH
1881,NH
1882,H
1883,H
1884,H
1885,H
1886,NH
1887,H
1888,NH
1889,NH
1890,H
1891,NH
1892,H
1893,H
1894,H
1895,H
1896,H
1897,NH
1898,NH
1899,NH
1900,H
1901,H
1902,H
1903,NH
1904,H
1905,H
1906,H
1907,H
1908,NH
1909,H
1910,NH
1911,NH
1912,NH
1913,NH
1914,NH
1915,H
1916,H
1917,H
1918,H
1919,NH
1920,H
1921,NH
1922,NH
1923,NH
1924,H
1925,H
1926,H
1927,NH
1928,H
1929,NH
1930,NH
1931,H
1932,H
1933,H
1934,H
1935,NH
1936,NH
1937,NH
1938,NH
1939,NH
1940,H
1941,H
1942,NH
1943,NH
1944,H
1945,H
1946,NH
1947,NH
1948,NH
1949,NH
1950,NH
1951,H
1952,NH
1953,NH
1954,NH
1955,NH
1956,H
1957,H
1958,H
1959,NH
1960,H
1961,NH
1962,H
1963,NH
1964,NH
1965,NH
1966,NH
1967,H
1968,NH
1969,H
1970,H
1971,H
1972,NH
1973,NH
1974,NH
1975,H
1976,NH
1977,NH
1978,H
1979,NH
1980,NH
1981,H
1982,NH
1983,H
1984,NH
1985,NH
1986,NH
1987,H
1988,H
1989,H
1990,NH
1991,NH
1992,NH
1993,H
1994,H
1995,NH
1996,H
1997,NH
1998,NH
1999,H
2000,NH
2001,NH
2002,H
2003,NH
2004,NH
2005,H
2006,NH
2007,NH
2008,NH
2009,H
2010,NH
2011,H
2012,H
2013,NH
2014,NH
2015,NH
2016,H
2017,NH
2018,H
2019,H
2020,H
2021,NH
2022,NH
2023,NH
2024,H
2025,NH
2026,H
2027,NH
2028,NH
2029,H
2030,NH
2031,H
2032,NH
2033,NH
2034,H
2035,H
2036,NH
2037,H
2038,NH
2039,NH
2040,H
2041,H
2042,H
2043,NH
2044,H
2045,NH
2046,H
2047,H
2048,H
2049,NH
2050,NH
2051,H
2052,NH
2053,NH
2054,H
2055,NH
2056,H
2057,NH
2058,H
2059,NH
2060,NH
2061,NH
2062,NH
2063,H
2064,NH
2065,NH
2066,H
2067,H
2068,H
2069,NH
2070,H
2071,NH
2072,NH
2073,H
2074,NH
2075,NH
2076,H
2077,H
2078,NH
2079,H
2080,H
2081,H
2082,NH
2083,H
2084,H
2085,H
2086,NH
2087,H
2088,H
2089,NH
2090,NH
2091,NH
2092,NH
2093,NH
2094,H
2095,NH
2096,H
2097,H
2098,H
2099,H
2100,NH
2101,H
2102,NH
2103,H
2104,NH
2105,H
2106,NH
2107,NH
2108,NH
2109,NH
2110,H
2111,H
2112,NH
2113,NH
2114,NH
2115,NH
2116,NH
2117,NH
2118,NH
2119,NH
2120,H
2121,NH
2122,H
2123,H
2124,NH
2125,NH
2126,H
2127,H
2128,NH
2129,H
2130,NH
2131,H
2132,NH
2133,H
2134,NH
2135,NH
2136,H
2137,NH
2138,NH
2139,NH
2140,NH
2141,NH
2142,H
2143,NH
2144,NH
2145,NH
2146,NH
2147,H
2148,H
2149,H
2150,NH
2151,NH
2152,H
2153,NH
2154,NH
2155,H
2156,NH
2157,NH
2158,NH
2159,H
2160,H
2161,NH
2162,H
2163,H
2164,NH
2165,NH
2166,H
2167,NH
2168,NH
2169,H
2170,NH
2171,NH
2172,NH
2173,NH
2174,H
2175,H
2176,H
2177,NH
2178,NH
2179,NH
2180,H
2181,H
2182,H
2183,NH
2184,NH
2185,H
2186,H
2187,H
2188,NH
2189,NH
2190,NH
2191,H
2192,NH
2193,NH
2194,NH
2195,NH
2196,H
2197,H
2198,NH
2199,H
2200,NH
2201,H
2202,NH
2203,NH
2204,NH
2205,NH
2206,NH
2207,NH
2208,NH
2209,H
2210,H
2211,NH
2212,H
2213,NH
2214,NH
2215,H
2216,H
2217,H
2218,NH
2219,H
2220,NH
2221,H
2222,NH
2223,NH
2224,NH
2225,NH
2226,H
2227,NH
2228,H
2229,NH
2230,H
2231,H
2232,H
2233,NH
2234,H
2235,NH
2236,H
2237,NH
2238,H
2239,NH
2240,H
2241,NH
2242,NH
2243,H
2244,H
2245,NH
2246,H
2247,NH
2248,H
2249,NH
2250,NH
2251,NH
2252,NH
2253,NH
2254,H
2255,H
2256,H
2257,H
2258,H
2259,NH
2260,NH
2261,NH
2262,NH
2263,H
2264,NH
2265,NH
2266,NH
2267,NH
2268,H
2269,NH
2270,H
2271,NH
2272,H
2273,NH
2274,H
2275,NH
2276,H
2277,H
2278,H
2279,H
2280,NH
2281,H
2282,H
2283,H
2284,H
2285,H
2286,NH
2287,NH
2288,NH
2289,NH
2290,NH
2291,H
2292,NH
2293,NH
2294,NH
2295,H
2296,NH
2297,NH
2298,NH
2299,NH
2300,NH
2301,H
2302,NH
2303,NH
2304,NH
2305,H
2306,H
2307,H
2308,H
2309,NH
2310,NH
2311,H
2312,NH
2313,NH
2314,NH
2315,H
2316,H
2317,H
2318,NH
2319,NH
2320,NH
2321,H
2322,NH
2323,H
2324,NH
2325,NH
2326,H
2327,H
2328,NH
2329,NH
2330,H
2331,H
2332,NH
2333,NH
2334,H
2335,NH
2336,H
2337,NH
2338,NH
2339,H
2340,NH
2341,H
2342,NH
2343,NH
2344,H
2345,NH
2346,H
2347,NH
2348,NH
2349,H
2350,H
2351,H
2352,H
2353,H
2354,H
2355,H
2356,NH
2357,H
2358,NH
2359,H
2360,H
2361,NH
2362,H
2363,H
2364,NH
2365,NH
2366,NH
2367,NH
2368,NH
2369,H
2370,NH
2371,NH
2372,NH
2373,NH
2374,NH
2375,NH
2376,NH
2377,NH
2378,H
2379,H
2380,H
2381,H
2382,H
2383,NH
2384,H
2385,H
2386,NH
2387,NH
2388,H
2389,H
2390,NH
2391,NH
2392,H
2393,NH
2394,NH
2395,H
2396,H
2397,NH
2398,H
2399,H
2400,H
2401,NH
2402,H
2403,H
2404,H
2405,H
2406,NH
2407,NH
2408,NH
2409,NH
2410,NH
2411,NH
2412,NH
2413,NH
2414,NH
2415,NH
2416,NH
2417,NH
2418,H
2419,NH
2420,H
2421,NH
2422,H
2423,H
2424,NH
2425,H
2426,H
2427,H
2428,H
2429,NH
2430,NH
2431,NH
2432,NH
2433,NH
2434,H
2435,H
2436,NH
2437,NH
2438,H
2439,NH
2440,H
2441,H
2442,NH
2443,H
2444,H
2445,H
2446,NH
2447,H
2448,NH
2449,H
2450,NH
2451,H
2452,H
2453,NH
2454,H
2455,NH
2456,NH
2457,H
2458,H
2459,H
2460,H
2461,NH
2462,H
2463,NH
2464,NH
2465,NH
2466,H
2467,NH
2468,NH
2469,NH
2470,H
2471,H
2472,H
2473,NH
2474,H
2475,NH
2476,H
2477,H
2478,H
2479,H
2480,H
2481,H
2482,H
2483,NH
2484,NH
2485,H
2486,H
2487,NH
2488,NH
2489,NH
2490,NH
2491,NH
2492,H
2493,NH
2494,NH
2495,H
2496,NH
2497,NH
2498,H
2499,H
2500,H
2501,NH
2502,H
2503,NH
2504,NH
2505,H
2506,H
2507,H
2508,H
2509,H
2510,NH
2511,NH
2512,NH
2513,NH
2514,NH
2515,H
2516,H
2517,NH
2518,NH
2519,NH
2520,NH
2521,H
2522,H
2523,NH
2524,NH
2525,H
2526,H
2527,NH
2528,NH
2529,H
2530,H
2531,H
2532,NH
2533,NH
2534,NH
2535,NH
2536,NH
2537,NH
2538,H
2539,H
2540,H
2541,NH
2542,H
2543,H
2544,H
2545,H
2546,NH
2547,H
2548,NH
2549,H
2550,H
2551,NH
2552,H
2553,NH
2554,NH
2555,NH
2556,NH
2557,NH
2558,NH
2559,H
2560,NH
2561,H
2562,H
2563,H
2564,H
2565,H
2566,NH
2567,H
2568,H
2569,H
2570,NH
2571,H
2572,H
2573,H
2574,H
2575,NH
2576,NH
2577,H
2578,NH
2579,NH
2580,NH
2581,H
2582,NH
2583,H
2584,H
2585,NH
2586,H
2587,H
2588,NH
2589,H
2590,NH
2591,H
2592,H
2593,NH
2594,NH
2595,NH
2596,H
2597,NH
2598,NH
2599,H
2600,NH
2601,H
2602,NH
2603,H
2604,NH
2605,NH
2606,H
2607,NH
2608,NH
2609,NH
2610,H
2611,NH
2612,NH
2613,H
2614,H
2615,NH
2616,NH
2617,NH
2618,NH
2619,H
2620,NH
2621,H
2622,NH
2623,NH
2624,H
2625,H
2626,H
2627,NH
2628,H
2629,H
2630,H
2631,H
2632,NH
2633,H
2634,H
2635,H
2636,H
2637,NH
2638,H
2639,NH
2640,H
2641,NH
2642,NH
2643,NH
2644,NH
2645,NH
2646,H
2647,NH
2648,NH
2649,NH
2650,H
2651,NH
2652,H
2653,H
2654,NH
2655,H
2656,H
2657,H
2658,H
2659,NH
2660,H
2661,NH
2662,NH
2663,NH
2664,H
2665,NH
2666,NH
2667,H
2668,H
2669,H
2670,NH
2671,H
2672,NH
2673,NH
2674,NH
2675,H
2676,NH
2677,NH
2678,NH
2679,H
2680,H
2681,H
2682,H
2683,NH
2684,H
2685,NH
2686,NH
2687,NH
2688,H
2689,NH
2690,H
2691,NH
2692,H
2693,NH
2694,NH
2695,NH
2696,H
2697,NH
2698,NH
2699,H
2700,H
2701,NH
2702,H
2703,H
2704,H
2705,H
2706,NH
2707,H
2708,H
2709,H
2710,NH
2711,H
2712,NH
2713,NH
2714,NH
2715,NH
2716,NH
2717,H
2718,NH
2719,NH
2720,H
2721,H
2722,H
2723,NH
2724,H
2725,NH
2726,H
2727,H
2728,H
2729,H
2730,NH
2731,H
2732,NH
2733,H
2734,H
2735,NH
2736,NH
2737,H
2738,H
2739,NH
2740,H
2741,H
2742,H
2743,NH
2744,H
2745,NH
2746,NH
2747,NH
2748,NH
2749,NH
2750,NH
2751,H
2752,H
2753,NH
2754,NH
2755,H
2756,H
2757,NH
2758,H
2759,NH
2760,H
2761,NH
2762,H
2763,H
2764,H
2765,NH
2766,NH
2767,H
2768,H
2769,H
2770,NH
2771,H
2772,NH
2773,H
2774,NH
2775,NH
2776,NH
2777,NH
2778,NH
2779,H
2780,NH
2781,H
2782,NH
2783,H
2784,H
2785,H
2786,NH
2787,H
2788,NH
2789,H
2790,NH
2791,H
2792,NH
2793,H
2794,NH
2795,H
2796,NH
2797,NH
2798,NH
2799,NH
2800,NH
2801,NH
2802,NH
2803,H
2804,NH
2805,NH
2806,NH
2807,H
2808,NH
2809,NH
2810,H
2811,NH
2812,NH
2813,NH
2814,NH
2815,H
2816,NH
2817,NH
2818,NH
2819,NH
2820,NH
2821,NH
2822,NH
2823,NH
2824,NH
2825,H
2826,NH
2827,H
2828,H
2829,NH
2830,NH
2831,H
2832,NH
2833,NH
2834,NH
2835,H
2836,H
2837,NH
2838,NH
2839,NH
2840,NH
2841,H
2842,NH
2843,NH
2844,H
2845,H
2846,H
2847,H
2848,NH
2849,NH
2850,H
2851,H
2852,H
2853,NH
2854,H
2855,NH
2856,H
2857,NH
2858,H
2859,H
2860,NH
2861,NH
2862,H
2863,NH
2864,H
2865,H
2866,NH
2867,NH
2868,H
2869,H
2870,H
2871,NH
2872,NH
2873,H
2874,NH
2875,H
2876,H
2877,NH
2878,H
2879,H
2880,H
2881,NH
2882,H
2883,H
2884,H
2885,H
2886,NH
2887,H
2888,H
2889,NH
2890,NH
2891,H
2892,NH
2893,H
2894,NH
2895,H
2896,H
2897,NH
2898,NH
2899,NH
2900,NH
2901,H
2902,H
2903,NH
2904,NH
2905,NH
2906,NH
2907,H
2908,H
2909,H
2910,H
2911,NH
2912,H
2913,NH
2914,NH
2915,NH
2916,H
2917,H
2918,NH
2919,H
2920,H
2921,H
2922,H
2923,H
2924,NH
2925,H
2926,NH
2927,H
2928,NH
2929,NH
2930,H
2931,H
2932,H
2933,NH
2934,H
2935,NH
2936,NH
2937,H
2938,NH
2939,H
2940,H
2941,H
2942,NH
2943,NH
2944,NH
2945,H
2946,H
2947,H
2948,NH
2949,NH
2950,NH
2951,NH
2952,H
2953,NH
2954,NH
2955,H
2956,H
2957,H
2958,H
2959,NH
2960,H
2961,NH
2962,H
2963,NH
2964,H
2965,H
2966,NH
2967,H
2968,H
2969,NH
2970,NH
2971,NH
2972,NH
2973,NH
2974,H
2975,NH
2976,NH
2977,H
2978,H
2979,H
2980,H
2981,NH
2982,NH
2983,NH
2984,H
2985,H
2986,H
2987,NH
2988,NH
2989,NH
2990,NH
2991,NH
2992,H
2993,H
2994,NH
2995,H
2996,NH
2997,NH
2998,NH
2999,NH
3000,H
3001,NH
3002,H
3003,NH
3004,NH
3005,NH
3006,H
3007,H
3008,NH
3009,H
3010,H
3011,H
3012,H
3013,H
3014,H
3015,NH
3016,NH
3017,H
3018,H
3019,H
3020,NH
3021,NH
3022,H
3023,NH
3024,H
3025,H
3026,H
3027,NH
3028,NH
3029,H
3030,H
3031,NH
3032,H
3033,H
3034,H
3035,H
3036,NH
3037,H
3038,NH
3039,NH
3040,H
3041,H
3042,NH
3043,NH
3044,H
3045,H
3046,NH
3047,NH
3048,H
3049,H
3050,H
3051,H
3052,H
3053,NH
3054,H
3055,H
3056,H
3057,H
3058,H
3059,NH
3060,H
3061,H
3062,H
3063,NH
3064,NH
3065,NH
3066,H
3067,NH
3068,NH
3069,H
3070,H
3071,NH
3072,NH
3073,H
3074,H
3075,H
3076,H
3077,H
3078,H
3079,NH
3080,NH
3081,NH
3082,NH
3083,H
3084,NH
3085,NH
3086,NH
3087,NH
3088,H
3089,NH
3090,NH
3091,H
3092,NH
3093,NH
3094,H
3095,H
3096,H
3097,NH
3098,NH
3099,NH
3100,H
3101,NH
3102,NH
3103,H
3104,H
3105,H
3106,H
3107,H
3108,NH
3109,H
3110,H
3111,H
3112,NH
3113,NH
3114,NH
3115,H
3116,H
3117,NH
3118,H
3119,NH
3120,H
3121,H
3122,H
3123,NH
3124,NH
3125,NH
3126,NH
3127,H
3128,H
3129,NH
3130,NH
3131,NH
3132,H
3133,NH
3134,NH
3135,NH
3136,H
3137,NH
3138,NH
3139,H
3140,H
3141,H
3142,H
3143,H
3144,NH
3145,H
3146,H
3147,H
3148,NH
3149,H
3150,H
3151,H
3152,H
3153,NH
3154,H
3155,NH
3156,NH
3157,H
3158,NH
3159,NH
3160,NH
3161,NH
3162,NH
3163,H
3164,H
3165,NH
3166,NH
3167,NH
3168,H
3169,H
3170,H
3171,NH
3172,H
3173,H
3174,NH
3175,NH
3176,NH
3177,NH
3178,NH
3179,H
3180,NH
3181,NH
3182,NH
3183,H
3184,H
3185,H
3186,H
3187,NH
3188,NH
3189,H
3190,NH
3191,NH
3192,NH
3193,H
3194,H
3195,NH
3196,NH
3197,NH
3198,H
3199,NH
3200,NH
3201,H
3202,H
3203,H
3204,NH
3205,H
3206,H
3207,NH
3208,H
3209,NH
3210,NH
3211,NH
3212,H
3213,NH
3214,H
3215,NH
3216,NH
3217,H
3218,H
3219,NH
3220,H
3221,H
3222,H
3223,H
3224,NH
3225,H
3226,H
3227,H
3228,H
3229,NH
3230,H
3231,NH
3232,NH
3233,H
3234,NH
3235,NH
3236,H
3237,H
3238,H
3239,NH
3240,H
3241,H
3242,H
3243,NH
3244,H
3245,H
3246,NH
3247,NH
3248,NH
3249,NH
3250,H
3251,NH
3252,NH
3253,H
3254,H
3255,NH
3256,H
3257,H
3258,NH
3259,NH
3260,NH
3261,H
3262,NH
3263,H
3264,H
3265,H
3266,NH
3267,NH
3268,H
3269,H
3270,NH
3271,H
3272,NH
3273,H
3274,H
3275,H
3276,NH
3277,NH
3278,H
3279,H
3280,H
3281,NH
3282,H
3283,H
3284,NH
3285,NH
3286,NH
3287,H
3288,NH
3289,NH
3290,NH
3291,NH
3292,H
3293,NH
3294,NH
3295,NH
3296,NH
3297,H
3298,H
3299,H
3300,NH
3301,NH
3302,H
3303,NH
3304,H
3305,H
3306,H
3307,NH
3308,NH
3309,H
3310,H
3311,NH
3312,NH
3313,H
3314,NH
3315,H
3316,NH
3317,NH
3318,NH
3319,H
3320,H
3321,H
3322,NH
3323,H
3324,H
3325,H
3326,NH
3327,NH
3328,NH
3329,H
3330,H
3331,H
3332,NH
3333,NH
3334,H
3335,NH
3336,H
3337,NH
3338,NH
3339,NH
3340,NH
3341,H
3342,H
3343,NH
3344,NH
3345,NH
3346,NH
3347,NH
3348,H
3349,NH
3350,H
3351,NH
3352,H
3353,NH
3354,NH
3355,H
3356,H
3357,NH
3358,H
3359,NH
3360,H
3361,H
3362,NH
3363,NH
3364,H
3365,H
3366,H
3367,H
3368,H
3369,NH
3370,H
3371,NH
3372,NH
3373,NH
3374,NH
3375,H
3376,NH
3377,H
3378,H
3379,H
3380,H
3381,H
3382,H
3383,H
3384,NH
3385,H
3386,H
3387,NH
3388,NH
3389,H
3390,NH
3391,H
3392,H
3393,NH
3394,H
3395,H
3396,H
3397,H
3398,NH
3399,NH
3400,NH
3401,NH
3402,NH
3403,NH
3404,NH
3405,NH
3406,NH
3407,NH
3408,NH
3409,NH
3410,H
3411,H
3412,NH
3413,NH
3414,H
3415,NH
3416,NH
3417,H
3418,H
3419,H
3420,H
3421,NH
3422,H
3423,H
3424,NH
3425,NH
3426,H
3427,H
3428,NH
3429,H
3430,NH
3431,NH
3432,NH
3433,H
3434,H
3435,H
3436,NH
3437,NH
3438,NH
3439,NH
3440,NH
3441,NH
3442,NH
3443,NH
3444,H
3445,H
3446,NH
3447,NH
3448,H
3449,H
3450,H
3451,H
3452,NH
3453,H
3454,H
3455,H
3456,H
3457,NH
3458,NH
3459,NH
3460,NH
3461,H
3462,NH
3463,NH
3464,NH
3465,H
3466,NH
3467,NH
3468,H
3469,NH
3470,NH
3471,NH
3472,NH
3473,H
3474,H
3475,NH
3476,H
3477,H
3478,H
3479,H
3480,H
3481,NH
3482,NH
3483,NH
3484,H
3485,NH
3486,NH
3487,NH
3488,NH
3489,NH
3490,NH
3491,NH
3492,NH
3493,NH
3494,NH
3495,H
3496,NH
3497,NH
3498,H
3499,NH
3500,H
3501,NH
3502,NH
3503,NH
3504,NH
3505,H
3506,NH
3507,NH
3508,NH
3509,H
3510,H
3511,H
3512,H
3513,NH
3514,H
3515,H
3516,H
3517,H
3518,NH
3519,NH
3520,NH
3521,H
3522,NH
3523,H
3524,NH
3525,H
3526,H
3527,H
3528,NH
3529,NH
3530,NH
3531,H
3532,H
3533,NH
3534,NH
3535,H
3536,H
3537,NH
3538,NH
3539,NH
3540,H
3541,H
3542,NH
3543,NH
3544,NH
3545,H
3546,NH
3547,H
3548,H
3549,H
3550,H
3551,NH
3552,NH
3553,NH
3554,H
3555,H
3556,H
3557,H
3558,NH
3559,H
3560,NH
3561,NH
3562,H
3563,NH
3564,NH
3565,H
3566,H
3567,H
3568,H
3569,H
3570,NH
3571,H
3572,NH
3573,NH
3574,NH
3575,NH
3576,NH
3577,NH
3578,H
3579,NH
3580,H
3581,H
3582,NH
3583,NH
3584,NH
3585,NH
3586,H
3587,NH
3588,H
3589,NH
3590,NH
3591,NH
3592,NH
3593,H
3594,NH
3595,H
3596,NH
3597,H
3598,NH
3599,H
3600,NH
3601,H
3602,H
3603,NH
3604,NH
3605,NH
3606,NH
3607,NH
3608,NH
3609,H
3610,H
3611,NH
3612,NH
3613,H
3614,NH
3615,H
3616,NH
3617,H
3618,NH
3619,NH
3620,H
3621,H
3622,H
3623,H
3624,H
3625,NH
3626,H
3627,H
3628,H
3629,NH
3630,NH
3631,NH
3632,H
3633,NH
3634,NH
3635,NH
3636,H
3637,H
3638,NH
3639,H
3640,NH
3641,H
3642,NH
3643,H
3644,NH
3645,H
3646,NH
3647,H
3648,NH
3649,H
3650,NH
3651,NH
3652,H
3653,NH
3654,NH
3655,H
3656,NH
3657,H
3658,NH
3659,NH
3660,H
3661,NH
3662,NH
3663,H
3664,H
3665,H
3666,NH
3667,NH
3668,NH
3669,H
3670,H
3671,NH
3672,H
3673,NH
3674,NH
3675,H
3676,H
3677,NH
3678,NH
3679,NH
3680,H
3681,H
3682,NH
3683,H
3684,H
3685,NH
3686,H
3687,NH
3688,H
3689,NH
3690,NH
3691,NH
3692,NH
3693,H
3694,NH
3695,H
3696,NH
3697,NH
3698,NH
3699,NH
3700,H
3701,NH
3702,H
3703,H
3704,H
3705,NH
3706,NH
3707,H
3708,H
3709,NH
3710,NH
3711,H
3712,NH
3713,NH
3714,NH
3715,NH
3716,H
3717,H
3718,NH
3719,H
3720,NH
3721,NH
3722,H
3723,H
3724,H
3725,NH
3726,NH
3727,NH
3728,H
3729,NH
3730,NH
3731,H
3732,NH
3733,H
3734,H
3735,H
3736,NH
3737,NH
3738,NH
3739,H
3740,NH
3741,NH
3742,NH
3743,NH
3744,NH
3745,NH
3746,NH
3747,H
3748,H
3749,NH
3750,H
3751,H
3752,NH
3753,H
3754,NH
3755,NH
3756,H
3757,H
3758,NH
3759,NH
3760,H
3761,H
3762,NH
3763,H
3764,H
3765,H
3766,H
3767,NH
3768,H
3769,NH
3770,NH
3771,H
3772,NH
3773,NH
3774,H
3775,H
3776,H
3777,H
3778,H
3779,H
3780,H
3781,NH
3782,NH
3783,H
3784,H
3785,NH
3786,H
3787,H
3788,H
3789,NH
3790,NH
3791,H
3792,NH
3793,NH
3794,NH
3795,H
3796,H
3797,H
3798,NH
3799,NH
3800,NH
3801,H
3802,NH
3803,NH
3804,NH
3805,NH
3806,NH
3807,H
3808,H
3809,NH
3810,NH
3811,H
3812,NH
3813,NH
3814,NH
3815,H
3816,NH
3817,H
3818,H
3819,H
3820,NH
3821,H
3822,NH
3823,H
3824,NH
3825,NH
3826,NH
3827,NH
3828,NH
3829,NH
3830,NH
3831,H
3832,H
3833,H
3834,H
3835,H
3836,NH
3837,H
3838,H
3839,NH
3840,H
3841,NH
3842,NH
3843,H
3844,H
3845,NH
3846,NH
3847,NH
3848,NH
3849,NH
3850,H
3851,H
3852,NH
3853,NH
3854,H
3855,H
3856,NH
3857,NH
3858,NH
3859,H
3860,NH
3861,NH
3862,H
3863,H
3864,NH
3865,NH
3866,H
3867,NH
3868,NH
3869,NH
3870,H
3871,NH
3872,NH
3873,H
3874,NH
3875,NH
3876,NH
3877,H
3878,H
3879,NH
3880,NH
3881,H
3882,NH
3883,H
3884,NH
3885,NH
3886,H
3887,NH
3888,NH
3889,H
3890,NH
3891,NH
3892,NH
3893,H
3894,H
3895,NH
3896,H
3897,H
3898,NH
3899,NH
3900,NH
3901,H
3902,NH
3903,NH
3904,H
3905,NH
3906,H
3907,NH
3908,NH
3909,H
3910,NH
3911,H
3912,NH
3913,H
3914,NH
3915,H
3916,H
3917,H
3918,H
3919,H
3920,H
3921,H
3922,NH
3923,NH
3924,H
3925,H
3926,NH
3927,H
3928,H
3929,H
3930,NH
3931,H
3932,NH
3933,NH
3934,NH
3935,NH
3936,NH
3937,H
3938,NH
3939,NH
3940,NH
3941,NH
3942,H
3943,H
3944,NH
3945,NH
3946,NH
3947,NH
3948,NH
3949,NH
3950,NH
3951,NH
3952,H
3953,NH
3954,NH
3955,H
3956,NH
3957,H
3958,H
3959,NH
3960,NH
3961,NH
3962,NH
3963,H
3964,NH
3965,NH
3966,H
3967,NH
3968,NH
3969,H
3970,NH
3971,NH
3972,NH
3973,H
3974,H
3975,NH
3976,NH
3977,NH
3978,NH
3979,H
3980,NH
3981,NH
3982,NH
3983,NH
3984,H
3985,NH
3986,H
3987,NH
3988,NH
3989,H
3990,H
3991,H
3992,NH
3993,NH
3994,NH
3995,H
3996,H
3997,NH
3998,NH
3999,H
4000,H
4001,H
4002,NH
4003,NH
4004,NH
4005,NH
4006,NH
4007,H
4008,H
4009,NH
4010,NH
4011,H
4012,NH
4013,NH
4014,H
4015,H
4016,H
4017,NH
4018,H
4019,H
4020,H
4021,NH
4022,NH
4023,NH
4024,H
4025,H
4026,H
4027,H
4028,NH
4029,H
4030,NH
4031,H
4032,NH
4033,H
4034,NH
4035,H
4036,NH
4037,NH
4038,H
4039,H
4040,NH
4041,NH
4042,H
4043,NH
4044,H
4045,H
4046,NH
4047,NH
4048,NH
4049,H
4050,H
4051,NH
4052,H
4053,NH
4054,H
4055,H
4056,NH
4057,NH
4058,NH
4059,H
4060,H
4061,NH
4062,H
4063,NH
4064,NH
4065,NH
4066,NH
4067,H
4068,H
4069,NH
4070,NH
4071,H
4072,H
4073,NH
4074,NH
4075,H
4076,NH
4077,NH
4078,NH
4079,NH
4080,H
4081,H
4082,H
4083,NH
4084,H
4085,NH
4086,H
4087,H
4088,NH
4089,NH
4090,NH
4091,NH
4092,H
4093,NH
4094,H
4095,H
4096,NH
4097,NH
4098,NH
4099,H
4100,NH
4101,H
4102,NH
4103,NH
4104,NH
4105,NH
4106,NH
4107,H
4108,NH
4109,NH
4110,H
4111,NH
4112,H
4113,H
4114,H
4115,NH
4116,H
4117,H
4118,H
4119,H
4120,H
4121,H
4122,NH
4123,NH
4124,NH
4125,NH
4126,H
4127,H
4128,H
4129,H
4130,H
4131,H
4132,NH
4133,NH
4134,NH
4135,H
4136,NH
4137,NH
4138,NH
4139,NH
4140,NH
4141,H
4142,H
4143,H
4144,H
4145,H
4146,NH
4147,NH
4148,H
4149,NH
4150,NH
4151,H
4152,NH
4153,H
4154,H
4155,NH
4156,H
4157,H
4158,NH
4159,H
4160,H
4161,NH
4162,NH
4163,NH
4164,H
4165,NH
4166,H
4167,NH
4168,H
4169,H
4170,NH
4171,NH
4172,H
4173,NH
4174,H
4175,NH
4176,NH
4177,H
4178,H
4179,NH
4180,NH
4181,H
4182,NH
4183,NH
4184,NH
4185,H
4186,H
4187,H
4188,NH
4189,H
4190,H
4191,H
4192,NH
4193,NH
4194,NH
4195,H
4196,H
4197,NH
4198,H
4199,H
4200,H
4201,H
4202,NH
4203,H
4204,H
4205,NH
4206,H
4207,H
4208,H
4209,NH
4210,NH
4211,H
4212,NH
4213,H
4214,NH
4215,H
4216,H
4217,H
4218,NH
4219,H
4220,NH
4221,NH
4222,H
4223,H
4224,H
4225,H
4226,NH
4227,H
4228,NH
4229,H
4230,NH
4231,NH
4232,H
4233,H
4234,H
4235,H
4236,NH
4237,H
4238,H
4239,NH
4240,NH
4241,H
4242,H
4243,NH
4244,NH
4245,NH
4246,H
4247,H
4248,NH
4249,H
4250,NH
4251,H
4252,H
4253,H
4254,NH
4255,H
4256,H
4257,NH
4258,H
4259,NH
4260,NH
4261,NH
4262,H
4263,H
4264,NH
4265,NH
4266,H
4267,NH
4268,H
4269,NH
4270,H
4271,H
4272,H
4273,NH
4274,NH
4275,NH
4276,H
4277,H
4278,H
4279,NH
4280,H
4281,NH
4282,H
4283,H
4284,NH
4285,NH
4286,NH
4287,H
4288,NH
4289,H
4290,NH
4291,NH
4292,H
4293,H
4294,NH
4295,H
4296,H
4297,H
4298,H
4299,NH
4300,NH
4301,NH
4302,NH
4303,NH
4304,H
4305,H
4306,NH
4307,NH
4308,NH
4309,H
4310,H
4311,NH
4312,H
4313,H
4314,NH
4315,NH
4316,H
4317,NH
4318,H
4319,H
4320,NH
4321,NH
4322,NH
4323,NH
4324,NH
4325,NH
4326,NH
4327,NH
4328,NH
4329,H
4330,H
4331,H
4332,NH
4333,NH
4334,H
4335,H
4336,H
4337,H
4338,H
4339,NH
4340,H
4341,H
4342,H
4343,NH
4344,NH
4345,H
4346,NH
4347,NH
4348,NH
4349,H
4350,H
4351,NH
4352,H
4353,NH
4354,H
4355,NH
4356,NH
4357,H
4358,H
4359,NH
4360,H
4361,NH
4362,NH
4363,NH
4364,H
4365,NH
4366,H
4367,NH
4368,NH
4369,H
4370,H
4371,H
4372,H
4373,NH
4374,NH
4375,NH
4376,NH
4377,H
4378,NH
4379,H
4380,H
4381,H
4382,H
4383,NH
4384,H
4385,NH
4386,NH
4387,H
4388,H
4389,H
4390,NH
4391,NH
4392,NH
4393,NH
4394,H
4395,NH
4396,NH
4397,NH
4398,H
4399,NH
4400,NH
4401,H
4402,NH
4403,H
4404,H
4405,H
4406,H
4407,H
4408,NH
4409,NH
4410,H
4411,H
4412,H
4413,H
4414,NH
4415,NH
4416,H
4417,NH
4418,H
4419,H
4420,H
4421,H
4422,NH
4423,NH
4424,H
4425,H
4426,NH
4427,H
4428,NH
4429,H
4430,H
4431,H
4432,NH
4433,NH
4434,H
4435,H
4436,H
4437,NH
4438,NH
4439,NH
4440,H
4441,NH
4442,H
4443,H
4444,NH
4445,NH
4446,H
4447,H
4448,NH
4449,H
4450,NH
4451,NH
4452,H
4453,NH
4454,H
4455,NH
4456,NH
4457,H
4458,H
4459,NH
4460,H
4461,NH
4462,H
4463,NH
4464,H
4465,H
4466,NH
4467,H
4468,H
4469,NH
4470,NH
4471,H
4472,NH
4473,NH
4474,H
4475,NH
4476,NH
4477,NH
4478,NH
4479,H
4480,H
4481,H
4482,NH
4483,NH
4484,NH
4485,H
4486,H
4487,H
4488,NH
4489,NH
4490,NH
4491,NH
4492,H
4493,H
4494,NH
4495,NH
4496,H
4497,NH
4498,H
4499,NH
4500,NH
4501,H
4502,NH
4503,H
4504,NH
4505,H
4506,NH
4507,NH
4508,NH
4509,NH
4510,NH
4511,NH
4512,H
4513,H
4514,NH
4515,H
4516,H
4517,NH
4518,NH
4519,NH
4520,NH
4521,H
4522,H
4523,NH
4524,H
4525,NH
4526,H
4527,H
4528,H
4529,H
4530,H
4531,NH
4532,H
4533,H
4534,NH
4535,NH
4536,H
4537,NH
4538,NH
4539,NH
4540,H
4541,NH
4542,H
4543,H
4544,H
4545,H
4546,NH
4547,H
4548,NH
4549,H
4550,H
4551,NH
4552,H
4553,NH
4554,NH
4555,NH
4556,NH
4557,NH
4558,NH
4559,H
4560,NH
4561,NH
4562,NH
4563,NH
4564,NH
4565,H
4566,H
4567,H
4568,H
4569,NH
4570,NH
4571,NH
4572,NH
4573,NH
4574,NH
4575,H
4576,H
4577,NH
4578,NH
4579,NH
4580,NH
4581,H
4582,NH
4583,H
4584,NH
4585,NH
4586,H
4587,H
4588,NH
4589,H
4590,H
4591,NH
4592,H
4593,NH
4594,NH
4595,NH
4596,NH
4597,NH
4598,H
4599,NH
4600,H
4601,H
4602,H
4603,NH
4604,H
4605,NH
4606,NH
4607,H
4608,NH
4609,NH
4610,H
4611,NH
4612,H
4613,H
4614,H
4615,H
4616,NH
4617,NH
4618,H
4619,H
4620,NH
4621,H
4622,NH
4623,H
4624,NH
4625,H
4626,H
4627,NH
4628,H
4629,NH
4630,H
4631,NH
4632,H
4633,H
4634,NH
4635,NH
4636,NH
4637,NH
4638,NH
4639,NH
4640,NH
4641,NH
4642,NH
4643,H
4644,H
4645,NH
4646,H
4647,NH
4648,NH
4649,NH
4650,NH
4651,H
4652,H
4653,H
4654,H
4655,H
4656,NH
4657,H
4658,NH
4659,NH
4660,NH
4661,NH
4662,NH
4663,NH
4664,H
4665,NH
4666,H
4667,H
4668,NH
4669,H
4670,H
4671,NH
4672,H
4673,NH
4674,H
4675,NH
4676,H
4677,H
4678,H
4679,H
4680,NH
4681,NH
4682,H
4683,NH
4684,NH
4685,H
4686,NH
4687,H
4688,H
4689,NH
4690,H
4691,NH
4692,NH
4693,NH
4694,H
4695,NH
4696,H
4697,NH
4698,NH
4699,H
4700,NH
4701,H
4702,NH
4703,NH
4704,H
4705,NH
4706,NH
4707,H
4708,NH
4709,NH
4710,NH
4711,H
4712,H
4713,H
4714,H
4715,H
4716,NH
4717,H
4718,NH
4719,NH
4720,NH
4721,H
4722,H
4723,NH
4724,NH
4725,H
4726,NH
4727,H
4728,H
4729,H
4730,H
4731,H
4732,H
4733,H
4734,H
4735,NH
4736,NH
4737,NH
4738,NH
4739,NH
4740,NH
4741,H
4742,H
4743,NH
4744,NH
4745,H
4746,H
4747,NH
4748,NH
4749,H
4750,NH
4751,NH
4752,NH
4753,H
4754,H
4755,H
4756,NH
4757,NH
4758,NH
4759,NH
4760,NH
4761,H
4762,H
4763,H
4764,NH
4765,H
4766,H
4767,NH
4768,H
4769,H
4770,H
4771,H
4772,NH
4773,NH
4774,H
4775,H
4776,NH
4777,NH
4778,NH
4779,H
4780,NH
4781,NH
4782,H
4783,NH
4784,NH
4785,NH
4786,H
4787,H
4788,H
4789,H
4790,NH
4791,NH
4792,H
4793,NH
4794,H
4795,NH
4796,H
4797,NH
4798,NH
4799,H
4800,H
4801,H
4802,NH
4803,H
4804,H
4805,NH
4806,NH
4807,NH
4808,NH
4809,NH
4810,H
4811,H
4812,H
4813,NH
4814,NH
4815,H
4816,H
4817,NH
4818,NH
4819,H
4820,NH
4821,H
4822,NH
4823,H
4824,NH
4825,NH
4826,H
4827,H
4828,NH
4829,H
4830,H
4831,H
4832,NH
4833,H
4834,NH
4835,H
4836,NH
4837,H
4838,H
4839,NH
4840,H
4841,NH
4842,NH
4843,NH
4844,NH
4845,H
4846,NH
4847,NH
4848,NH
4849,H
4850,H
4851,H
4852,H
4853,NH
4854,NH
4855,H
4856,NH
4857,H
4858,H
4859,H
4860,NH
4861,H
4862,NH
4863,H
4864,NH
4865,H
4866,NH
4867,H
4868,H
4869,NH
4870,NH
4871,H
4872,H
4873,NH
4874,NH
4875,H
4876,H
4877,H
4878,NH
4879,H
4880,NH
4881,H
4882,NH
4883,H
4884,NH
4885,NH
4886,NH
4887,NH
4888,H
4889,H
4890,H
4891,NH
4892,H
4893,NH
4894,H
4895,NH
4896,NH
4897,H
4898,NH
4899,NH
4900,NH
4901,NH
4902,H
4903,H
4904,NH
4905,NH
4906,NH
4907,NH
4908,NH
4909,NH
4910,H
4911,NH
4912,H
4913,H
4914,NH
4915,NH
4916,H
4917,H
4918,H
4919,H
4920,H
4921,H
4922,H
4923,H
4924,NH
4925,NH
4926,NH
4927,NH
4928,H
4929,H
4930,NH
4931,NH
4932,H
4933,NH
4934,NH
4935,NH
4936,H
4937,H
4938,H
4939,H
4940,NH
4941,H
4942,H
4943,NH
4944,H
4945,NH
4946,H
4947,NH
4948,H
4949,NH
4950,NH
4951,NH
4952,H
4953,NH
4954,H
4955,NH
4956,NH
4957,NH
4958,H
4959,NH
4960,NH
4961,H
4962,NH
4963,NH
4964,H
4965,NH
4966,NH
4967,H
4968,NH
4969,H
4970,H
4971,NH
4972,NH
4973,H
4974,H
4975,NH
4976,H
4977,NH
4978,H
4979,H
4980,H
4981,NH
4982,NH
4983,NH
4984,NH
4985,H
4986,NH
4987,NH
4988,H
4989,NH
4990,NH
4991,H
4992,NH
4993,H
4994,H
4995,NH
4996,NH
4997,NH
4998,NH
4999,NH
5000,H
5001,H
5002,NH
5003,NH
5004,H
5005,NH
5006,NH
5007,H
5008,H
5009,H
5010,NH
5011,H
5012,H
5013,H
5014,H
5015,NH
5016,H
5017,H
5018,H
5019,NH
5020,NH
5021,H
5022,NH
5023,NH
5024,NH
5025,NH
5026,H
5027,NH
5028,H
5029,NH
5030,NH
5031,NH
5032,H
5033,NH
5034,H
5035,NH
5036,NH
5037,NH
5038,NH
5039,NH
5040,NH
5041,NH
5042,H
5043,NH
5044,NH
5045,NH
5046,NH
5047,NH
5048,NH
5049,H
5050,H
5051,NH
5052,NH
5053,NH
5054,NH
5055,NH
5056,NH
5057,H
5058,NH
5059,NH
5060,NH
5061,H
5062,NH
5063,NH
5064,H
5065,H
5066,NH
5067,NH
5068,H
5069,H
5070,NH
5071,H
5072,H
5073,NH
5074,H
5075,NH
5076,NH
5077,H
5078,H
5079,NH
5080,H
5081,NH
5082,H
5083,NH
5084,H
5085,NH
5086,H
5087,NH
5088,NH
5089,H
5090,H
5091,H
5092,NH
5093,H
5094,NH
5095,NH
5096,NH
5097,NH
5098,NH
5099,H
5100,H
5101,H
5102,H
5103,NH
5104,NH
5105,NH
5106,NH
5107,NH
5108,H
5109,NH
5110,H
5111,NH
5112,H
5113,H
5114,H
5115,NH
5116,NH
5117,H
5118,NH
5119,NH
5120,H
5121,H
5122,NH
5123,NH
5124,H
5125,NH
5126,H
5127,NH
5128,H
5129,NH
5130,NH
5131,H
5132,NH
5133,H
5134,H
5135,NH
5136,H
5137,NH
5138,NH
5139,H
5140,H
5141,H
5142,H
5143,H
5144,NH
5145,H
5146,NH
5147,H
5148,H
5149,H
5150,NH
5151,NH
5152,H
5153,NH
5154,H
5155,NH
5156,H
5157,H
5158,NH
5159,H
5160,H
5161,NH
5162,NH
5163,H
5164,NH
5165,H
5166,NH
5167,NH
5168,H
5169,NH
5170,H
5171,H
5172,NH
5173,H
5174,H
5175,NH
5176,H
5177,H
5178,NH
5179,NH
5180,NH
5181,H
5182,NH
5183,NH
5184,H
5185,NH
5186,H
5187,H
5188,H
5189,NH
5190,H
5191,NH
5192,H
5193,NH
5194,NH
5195,H
5196,H
5197,H
5198,NH
5199,NH
5200,NH
5201,H
5202,H
5203,H
5204,NH
5205,NH
5206,NH
5207,H
5208,NH
5209,H
5210,H
5211,H
5212,NH
5213,NH
5214,NH
5215,NH
5216,H
5217,NH
5218,NH
5219,NH
5220,NH
5221,NH
5222,H
5223,H
5224,H
5225,H
5226,NH
5227,NH
5228,NH
5229,NH
5230,NH
5231,NH
5232,NH
5233,H
5234,H
5235,NH
5236,H
5237,NH
5238,NH
5239,H
5240,H
5241,H
5242,H
5243,H
5244,NH
5245,NH
5246,H
5247,H
5248,NH
5249,H
5250,H
5251,H
5252,H
5253,NH
5254,NH
5255,NH
5256,NH
5257,NH
5258,NH
5259,H
5260,H
5261,NH
5262,H
5263,NH
5264,NH
5265,NH
5266,NH
5267,H
5268,H
5269,NH
5270,H
5271,NH
5272,NH
5273,NH
5274,NH
5275,H
5276,H
5277,NH
5278,NH
5279,H
5280,H
5281,NH
5282,H
5283,NH
5284,NH
5285,NH
5286,NH
5287,NH
5288,H
5289,H
5290,H
5291,H
5292,H
5293,H
5294,NH
5295,NH
5296,H
5297,NH
5298,NH
5299,H
5300,NH
5301,H
5302,NH
5303,NH
5304,H
5305,NH
5306,NH
5307,H
5308,NH
5309,NH
5310,H
5311,H
5312,NH
5313,NH
5314,NH
5315,NH
5316,NH
5317,NH
5318,H
5319,NH
5320,NH
5321,H
5322,NH
5323,NH
5324,H
5325,NH
5326,NH
5327,H
5328,NH
5329,H
5330,H
5331,H
5332,NH
5333,H
5334,NH
5335,H
5336,H
5337,NH
5338,NH
5339,NH
5340,NH
5341,H
5342,H
5343,NH
5344,H
5345,NH
5346,H
5347,NH
5348,H
5349,H
5350,NH
5351,NH
5352,NH
5353,H
5354,NH
5355,H
5356,H
5357,H
5358,NH
5359,NH
5360,NH
5361,H
5362,NH
5363,NH
5364,NH
5365,NH
5366,H
5367,H
5368,H
5369,H
5370,NH
5371,H
5372,NH
5373,NH
5374,NH
5375,H
5376,NH
5377,NH
5378,H
5379,H
5380,NH
5381,H
5382,NH
5383,H
5384,H
5385,NH
5386,H
5387,NH
5388,NH
5389,H
5390,H
5391,H
5392,NH
5393,NH
5394,H
5395,NH
5396,NH
5397,H
5398,NH
5399,NH
5400,H
5401,NH
5402,H
5403,NH
5404,NH
5405,NH
5406,H
5407,H
5408,H
5409,NH
5410,NH
5411,H
5412,NH
5413,H
5414,NH
5415,NH
5416,NH
5417,NH
5418,H
5419,NH
5420,NH
5421,H
5422,NH
5423,H
5424,NH
5425,NH
5426,H
5427,NH
5428,NH
5429,NH
5430,NH
5431,NH
5432,NH
5433,H
5434,NH
5435,H
5436,NH
5437,H
5438,NH
5439,H
5440,H
5441,NH
5442,H
5443,NH
5444,NH
5445,NH
5446,H
5447,NH
5448,NH
5449,H
5450,NH
5451,NH
5452,NH
5453,NH
5454,NH
5455,H
5456,H
5457,H
5458,NH
5459,NH
5460,H
5461,NH
5462,NH
5463,H
5464,NH
5465,H
5466,H
5467,NH
5468,NH
5469,NH
5470,H
5471,NH
5472,H
5473,H
5474,NH
5475,H
5476,H
5477,H
5478,H
5479,NH
5480,H
5481,H
5482,H
5483,H
5484,NH
5485,NH
5486,H
5487,H
5488,H
5489,NH
5490,H
5491,H
5492,H
5493,NH
5494,NH
5495,NH
5496,H
5497,NH
5498,H
5499,NH
5500,NH
5501,H
5502,NH
5503,H
5504,H
5505,H
5506,H
5507,H
5508,H
5509,H
5510,NH
5511,NH
5512,H
5513,NH
5514,NH
5515,H
5516,H
5517,H
5518,H
5519,H
5520,NH
5521,NH
5522,H
5523,H
5524,NH
5525,H
5526,NH
5527,NH
5528,NH
5529,NH
5530,H
5531,NH
5532,H
5533,NH
5534,NH
5535,NH
5536,H
5537,NH
5538,H
5539,NH
5540,NH
5541,NH
5542,NH
5543,NH
5544,NH
5545,H
5546,NH
5547,NH
5548,H
5549,NH
5550,H
5551,NH
5552,NH
5553,H
5554,NH
5555,H
5556,H
5557,H
5558,H
5559,NH
5560,NH
5561,H
5562,NH
5563,NH
5564,H
5565,NH
5566,H
5567,NH
5568,NH
5569,NH
5570,NH
5571,H
5572,NH
5573,NH
5574,NH
5575,NH
5576,NH
5577,H
5578,NH
5579,NH
5580,NH
5581,H
5582,NH
5583,H
5584,H
5585,NH
5586,NH
5587,NH
5588,H
5589,NH
5590,H
5591,H
5592,NH
5593,NH
5594,NH
5595,NH
5596,H
5597,NH
5598,H
5599,NH
5600,NH
5601,H
5602,NH
5603,NH
5604,H
5605,NH
5606,NH
5607,H
5608,NH
5609,NH
5610,H
5611,NH
5612,NH
5613,NH
5614,H
5615,NH
5616,H
5617,NH
5618,NH
5619,H
5620,H
5621,NH
5622,H
5623,NH
5624,H
5625,NH
5626,NH
5627,NH
5628,NH
5629,H
5630,NH
5631,H
5632,NH
5633,H
5634,H
5635,NH
5636,NH
5637,H
5638,NH
5639,NH
5640,H
5641,H
5642,H
5643,NH
5644,NH
5645,NH
5646,H
5647,NH
5648,NH
5649,NH
5650,NH
5651,NH
5652,H
5653,H
5654,NH
5655,H
5656,H
5657,H
5658,NH
5659,H
5660,H
5661,NH
5662,H
5663,H
5664,H
5665,NH
5666,H
5667,NH
5668,H
5669,NH
5670,H
5671,NH
5672,NH
5673,H
5674,H
5675,H
5676,H
5677,H
5678,NH
5679,NH
5680,H
5681,NH
5682,NH
5683,NH
5684,H
5685,H
5686,NH
5687,NH
5688,H
5689,NH
5690,NH
5691,NH
5692,H
5693,H
5694,H
5695,H
5696,H
5697,H
5698,H
5699,NH
5700,H
5701,H
5702,NH
5703,H
5704,NH
5705,NH
5706,NH
5707,NH
5708,H
5709,NH
5710,H
5711,H
5712,NH
5713,NH
5714,H
5715,NH
5716,NH
5717,NH
5718,H
5719,NH
5720,H
5721,H
5722,H
5723,NH
5724,H
5725,NH
5726,NH
5727,NH
5728,NH
5729,NH
5730,NH
5731,NH
5732,H
5733,H
5734,H
5735,NH
5736,NH
5737,NH
5738,NH
5739,NH
5740,NH
5741,NH
5742,H
5743,NH
5744,NH
5745,H
5746,H
5747,NH
5748,NH
5749,NH
5750,NH
5751,NH
5752,H
5753,H
5754,NH
5755,NH
5756,H
5757,H
5758,NH
5759,H
5760,H
5761,NH
5762,H
5763,H
5764,NH
5765,NH
5766,NH
5767,NH
5768,NH
5769,H
5770,NH
5771,H
5772,NH
5773,NH
5774,H
5775,H
5776,H
5777,NH
5778,NH
5779,NH
5780,H
5781,H
5782,NH
5783,H
5784,H
5785,NH
5786,NH
5787,H
5788,NH
5789,NH
5790,H
5791,H
5792,H
5793,NH
5794,NH
5795,H
5796,H
5797,NH
5798,H
5799,NH
5800,H
5801,H
5802,NH
5803,NH
5804,NH
5805,H
5806,H
5807,H
5808,NH
5809,NH
5810,NH
5811,H
5812,H
5813,H
5814,NH
5815,NH
5816,NH
5817,H
5818,NH
5819,H
5820,NH
5821,NH
5822,NH
5823,H
5824,NH
5825,NH
5826,NH
5827,NH
5828,H
5829,NH
5830,H
5831,NH
5832,H
5833,NH
5834,H
5835,H
5836,H
5837,H
5838,H
5839,NH
5840,NH
5841,NH
5842,H
5843,H
5844,NH
5845,H
5846,H
5847,H
5848,NH
5849,NH
5850,NH
5851,H
5852,H
5853,H
5854,NH
5855,H
5856,H
5857,NH
5858,NH
5859,NH
5860,NH
5861,NH
5862,H
5863,H
5864,H
5865,H
5866,H
5867,H
5868,NH
5869,NH
5870,H
5871,NH
5872,NH
5873,NH
5874,H
5875,H
5876,NH
5877,H
5878,H
5879,H
5880,H
5881,H
5882,NH
5883,NH
5884,H
5885,NH
5886,NH
5887,NH
5888,H
5889,H
5890,H
5891,NH
5892,NH
5893,H
5894,NH
5895,H
5896,H
5897,H
5898,NH
5899,H
5900,NH
5901,NH
5902,H
5903,NH
5904,H
5905,NH
5906,NH
5907,NH
5908,NH
5909,NH
5910,NH
5911,H
5912,NH
5913,H
5914,NH
5915,NH
5916,H
5917,NH
5918,H
5919,H
5920,NH
5921,H
5922,H
5923,NH
5924,NH
5925,H
5926,H
5927,H
5928,NH
5929,NH
5930,H
5931,H
5932,NH
5933,H
5934,H
5935,NH
5936,NH
5937,H
5938,H
5939,H
5940,NH
5941,NH
5942,NH
5943,H
5944,H
5945,NH
5946,NH
5947,NH
5948,H
5949,NH
5950,NH
5951,H
5952,NH
5953,NH
5954,H
5955,NH
5956,NH
5957,NH
5958,H
5959,NH
5960,NH
5961,NH
5962,NH
5963,NH
5964,NH
5965,H
5966,NH
5967,H
5968,NH
5969,NH
5970,NH
5971,H
5972,H
5973,NH
5974,NH
5975,H
5976,H
5977,NH
5978,H
5979,H
5980,NH
5981,H
5982,NH
5983,H
5984,H
5985,NH
5986,H
5987,H
5988,H
5989,H
5990,NH
5991,NH
5992,NH
5993,H
5994,H
5995,H
5996,H
5997,NH
5998,H
5999,NH
6000,NH
6001,H
6002,NH
6003,H
6004,NH
6005,H
6006,NH
6007,NH
6008,NH
6009,H
6010,H
6011,H
6012,NH
6013,NH
6014,NH
6015,H
6016,NH
6017,NH
6018,H
6019,NH
6020,H
6021,NH
6022,H
6023,NH
6024,H
6025,NH
6026,NH
6027,H
6028,NH
6029,NH
6030,NH
6031,H
6032,H
6033,NH
6034,H
6035,H
6036,NH
6037,H
6038,NH
6039,NH
6040,NH
6041,H
6042,H
6043,H
6044,NH
6045,NH
6046,NH
6047,H
6048,NH
6049,H
6050,NH
6051,NH
6052,NH
6053,H
6054,H
6055,NH
6056,H
6057,H
6058,NH
6059,NH
6060,NH
6061,NH
6062,H
6063,H
6064,H
6065,H
6066,NH
6067,H
6068,H
6069,NH
6070,H
6071,H
6072,H
6073,NH
6074,NH
6075,NH
6076,H
6077,H
6078,NH
6079,H
6080,NH
6081,NH
6082,H
6083,H
6084,H
6085,H
6086,H
6087,NH
6088,NH
6089,NH
6090,H
6091,NH
6092,H
6093,NH
6094,NH
6095,NH
6096,H
6097,NH
6098,H
6099,NH
6100,NH
6101,NH
6102,NH
6103,H
6104,NH
6105,NH
6106,H
6107,NH
6108,NH
6109,H
6110,NH
6111,H
6112,NH
6113,H
6114,NH
6115,NH
6116,H
6117,NH
6118,H
6119,NH
6120,H
6121,H
6122,H
6123,NH
6124,H
6125,NH
6126,NH
6127,H
6128,H
6129,NH
6130,NH
6131,NH
6132,NH
6133,NH
6134,NH
6135,NH
6136,H
6137,NH
6138,H
6139,NH
6140,NH
6141,NH
6142,NH
6143,H
6144,H
6145,H
6146,H
6147,NH
6148,H
6149,NH
6150,NH
6151,NH
6152,NH
6153,NH
6154,NH
6155,NH
6156,H
6157,NH
6158,NH
6159,NH
6160,H
6161,H
6162,H
6163,NH
6164,H
6165,NH
6166,H
6167,NH
6168,NH
6169,H
6170,NH
6171,NH
6172,NH
6173,H
6174,H
6175,NH
6176,H
6177,NH
6178,NH
6179,NH
6180,NH
6181,H
6182,H
6183,H
6184,H
6185,NH
6186,H
6187,H
6188,H
6189,NH
6190,H
6191,H
6192,H
6193,NH
6194,NH
6195,H
6196,H
6197,NH
6198,NH
6199,H
6200,H
6201,H
6202,NH
6203,NH
6204,H
6205,NH
6206,H
6207,H
6208,NH
6209,NH
6210,H
6211,NH
6212,H
6213,NH
6214,H
6215,H
6216,NH
6217,NH
6218,NH
6219,H
6220,H
6221,H
6222,H
6223,H
6224,H
6225,NH
6226,NH
6227,H
6228,H
6229,NH
6230,NH
6231,H
6232,NH
6233,NH
6234,NH
6235,NH
6236,NH
6237,H
6238,NH
6239,H
6240,H
6241,NH
6242,H
6243,H
6244,H
6245,H
6246,NH
6247,NH
6248,NH
6249,H
6250,NH
6251,NH
6252,NH
6253,NH
6254,NH
6255,NH
6256,H
6257,H
6258,NH
6259,H
6260,H
6261,H
6262,NH
6263,H
6264,H
6265,H
6266,H
6267,NH
6268,NH
6269,H
6270,NH
6271,NH
6272,NH
6273,H
6274,NH
6275,H
6276,NH
6277,H
6278,NH
6279,NH
6280,NH
6281,H
6282,H
6283,NH
6284,H
6285,NH
6286,NH
6287,NH
6288,H
6289,NH
6290,H
6291,NH
6292,H
6293,H
6294,NH
6295,NH
6296,H
6297,H
6298,H
6299,H
6300,NH
6301,NH
6302,NH
6303,NH
6304,H
6305,NH
6306,NH
6307,NH
6308,H
6309,H
6310,H
6311,NH
6312,H
6313,H
6314,H
6315,H
6316,NH
6317,H
6318,NH
6319,H
6320,NH
6321,H
6322,H
6323,NH
6324,NH
6325,NH
6326,NH
6327,NH
6328,NH
6329,H
6330,NH
6331,H
6332,H
6333,NH
6334,H
6335,H
6336,H
6337,NH
6338,NH
6339,NH
6340,NH
6341,NH
6342,NH
6343,H
6344,H
6345,NH
6346,NH
6347,H
6348,NH
6349,NH
6350,H
6351,NH
6352,NH
6353,H
6354,NH
6355,NH
6356,NH
6357,H
6358,H
6359,NH
6360,H
6361,NH
6362,H
6363,NH
6364,NH
6365,H
6366,NH
6367,NH
6368,NH
6369,H
6370,NH
6371,NH
6372,H
6373,NH
6374,NH
6375,H
6376,NH
6377,H
6378,H
6379,H
6380,NH
6381,H
6382,H
6383,H
6384,H
6385,NH
6386,NH
6387,NH
6388,NH
6389,NH
6390,H
6391,H
6392,NH
6393,NH
6394,NH
6395,NH
6396,NH
6397,H
6398,H
6399,NH
6400,NH
6401,NH
6402,H
6403,NH
6404,H
6405,H
6406,H
6407,NH
6408,NH
6409,NH
6410,H
6411,NH
6412,NH
6413,NH
6414,H
6415,NH
6416,H
6417,NH
6418,H
6419,NH
6420,H
6421,H
6422,H
6423,NH
6424,NH
6425,NH
6426,NH
6427,NH
6428,NH
6429,H
6430,H
6431,NH
6432,NH
6433,NH
6434,NH
6435,NH
6436,NH
6437,NH
6438,H
6439,H
6440,NH
6441,NH
6442,NH
6443,H
6444,H
6445,NH
6446,H
6447,H
6448,H
6449,H
6450,H
6451,NH
6452,NH
6453,NH
6454,H
6455,NH
6456,H
6457,H
6458,NH
6459,NH
6460,H
6461,NH
6462,H
6463,H
6464,H
6465,NH
6466,H
6467,H
6468,NH
6469,NH
6470,H
6471,NH
6472,NH
6473,NH
6474,NH
6475,NH
6476,H
6477,H
6478,NH
6479,NH
6480,NH
6481,H
6482,NH
6483,H
6484,H
6485,H
6486,H
6487,NH
6488,NH
6489,H
6490,NH
6491,H
6492,NH
6493,NH
6494,NH
6495,H
6496,NH
6497,NH
6498,NH
6499,NH
6500,NH
6501,NH
6502,H
6503,H
6504,NH
6505,NH
6506,NH
6507,H
6508,H
6509,NH
6510,H
6511,NH
6512,NH
6513,H
6514,H
6515,NH
6516,NH
6517,H
6518,NH
6519,NH
6520,NH
6521,H
6522,NH
6523,NH
6524,NH
6525,H
6526,NH
6527,H
6528,NH
6529,NH
6530,H
6531,NH
6532,H
6533,NH
6534,H
6535,H
6536,H
6537,H
6538,NH
6539,H
6540,NH
6541,NH
6542,NH
6543,NH
6544,H
6545,H
6546,H
6547,H
6548,NH
6549,NH
6550,H
6551,NH
6552,NH
6553,H
6554,NH
6555,NH
6556,NH
6557,H
6558,H
6559,NH
6560,NH
6561,NH
6562,H
6563,NH
6564,NH
6565,NH
6566,H
6567,NH
6568,NH
6569,NH
6570,NH
6571,H
6572,H
6573,H
6574,NH
6575,NH
6576,NH
6577,H
6578,NH
6579,NH
6580,NH
6581,H
6582,H
6583,NH
6584,H
6585,H
6586,H
6587,H
6588,NH
6589,NH
6590,H
6591,NH
6592,H
6593,NH
6594,NH
6595,NH
6596,H
6597,H
6598,NH
6599,NH
6600,NH
6601,NH
6602,NH
6603,NH
6604,NH
6605,H
6606,H
6607,H
6608,H
6609,NH
6610,NH
6611,NH
6612,H
6613,H
6614,NH
6615,NH
6616,H
6617,H
6618,H
6619,NH
6620,H
6621,NH
6622,NH
6623,H
6624,H
6625,NH
6626,NH
6627,NH
6628,H
6629,H
6630,NH
6631,H
6632,NH
6633,H
6634,NH
6635,NH
6636,H
6637,NH
6638,H
6639,H
6640,H
6641,NH
6642,H
6643,H
6644,H
6645,H
6646,NH
6647,NH
6648,NH
6649,H
6650,H
6651,H
6652,NH
6653,H
6654,NH
6655,NH
6656,NH
6657,NH
6658,NH
6659,NH
6660,NH
6661,H
6662,NH
6663,H
6664,H
6665,H
6666,H
6667,H
6668,H
6669,H
6670,H
6671,H
6672,H
6673,H
6674,NH
6675,NH
6676,NH
6677,NH
6678,NH
6679,H
6680,NH
6681,NH
6682,NH
6683,NH
6684,NH
6685,NH
6686,NH
6687,NH
6688,NH
6689,H
6690,H
6691,H
6692,H
6693,NH
6694,NH
6695,H
6696,NH
6697,NH
6698,H
6699,NH
6700,NH
6701,NH
6702,H
6703,NH
6704,H
6705,H
6706,NH
6707,H
6708,H
6709,NH
6710,NH
6711,NH
6712,H
6713,NH
6714,NH
6715,H
6716,NH
6717,H
6718,NH
6719,H
6720,NH
6721,H
6722,H
6723,NH
6724,NH
6725,NH
6726,H
6727,NH
6728,H
6729,NH
6730,NH
6731,NH
6732,NH
6733,NH
6734,NH
6735,H
6736,H
6737,H
6738,NH
6739,H
6740,NH
6741,H
6742,NH
6743,NH
6744,H
6745,H
6746,H
6747,NH
6748,H
6749,NH
6750,H
6751,NH
6752,H
6753,H
6754,H
6755,H
6756,NH
6757,H
6758,NH
6759,H
6760,H
6761,H
6762,NH
6763,H
6764,H
6765,H
6766,H
6767,NH
6768,H
6769,H
6770,H
6771,H
6772,NH
6773,H
6774,NH
6775,NH
6776,NH
6777,H
6778,H
6779,H
6780,NH
6781,H
6782,NH
6783,H
6784,NH
6785,H
6786,NH
6787,H
6788,H
6789,NH
6790,H
6791,H
6792,H
6793,NH
6794,NH
6795,H
6796,NH
6797,NH
6798,H
6799,NH
6800,NH
6801,H
6802,H
6803,H
6804,H
6805,H
6806,NH
6807,NH
6808,H
6809,NH
6810,H
6811,H
6812,NH
6813,NH
6814,H
6815,NH
6816,NH
6817,NH
6818,H
6819,H
6820,H
6821,H
6822,NH
6823,NH
6824,NH
6825,H
6826,NH
6827,H
6828,H
6829,NH
6830,NH
6831,NH
6832,NH
6833,NH
6834,NH
6835,NH
6836,H
6837,H
6838,H
6839,H
6840,NH
6841,NH
6842,H
6843,NH
6844,NH
6845,NH
6846,H
6847,NH
6848,NH
6849,NH
6850,H
6851,NH
6852,H
6853,H
6854,NH
6855,H
6856,H
6857,H
6858,NH
6859,H
6860,H
6861,H
6862,H
6863,NH
6864,H
6865,NH
6866,NH
6867,NH
6868,H
6869,NH
6870,H
6871,H
6872,H
6873,NH
6874,NH
6875,H
6876,H
6877,H
6878,H
6879,H
6880,NH
6881,H
6882,H
6883,NH
6884,NH
6885,NH
6886,H
6887,NH
6888,NH
6889,H
6890,H
6891,H
6892,H
6893,H
6894,H
6895,H
6896,NH
6897,NH
6898,H
6899,NH
6900,NH
6901,NH
6902,H
6903,NH
6904,NH
6905,H
6906,H
6907,H
6908,NH
6909,NH
6910,H
6911,NH
6912,NH
6913,H
6914,H
6915,NH
6916,H
6917,H
6918,H
6919,H
6920,NH
6921,H
6922,NH
6923,NH
6924,H
6925,NH
6926,NH
6927,H
6928,NH
6929,H
6930,H
6931,NH
6932,H
6933,NH
6934,H
6935,NH
6936,H
6937,NH
6938,H
6939,H
6940,H
6941,NH
6942,NH
6943,H
6944,H
6945,H
6946,NH
6947,NH
6948,NH
6949,H
6950,H
6951,NH
6952,H
6953,NH
6954,NH
6955,NH
6956,NH
6957,NH
6958,NH
6959,NH
6960,NH
6961,NH
6962,H
6963,NH
6964,H
6965,NH
6966,NH
6967,NH
6968,H
6969,H
6970,H
6971,H
6972,NH
6973,H
6974,NH
6975,H
6976,NH
6977,H
6978,H
6979,NH
6980,NH
6981,NH
6982,H
6983,H
6984,NH
6985,H
6986,H
6987,H
6988,NH
6989,NH
6990,H
6991,NH
6992,H
6993,NH
6994,NH
6995,H
6996,H
6997,NH
6998,H
6999,NH
7000,H
7001,H
7002,NH
7003,NH
7004,H
7005,NH
7006,NH
7007,H
7008,NH
7009,H
7010,H
7011,NH
7012,NH
7013,NH
7014,H
7015,NH
7016,NH
7017,NH
7018,NH
7019,H
7020,NH
7021,H
7022,NH
7023,H
7024,NH
7025,NH
7026,NH
7027,NH
7028,H
7029,H
7030,NH
7031,NH
7032,NH
7033,H
7034,H
7035,NH
7036,H
7037,H
7038,NH
7039,NH
7040,NH
7041,H
7042,NH
7043,H
7044,H
7045,H
7046,H
7047,NH
7048,NH
7049,NH
7050,NH
7051,H
7052,H
7053,H
7054,H
7055,H
7056,NH
7057,NH
7058,NH
7059,H
7060,H
7061,NH
7062,NH
7063,H
7064,H
7065,NH
7066,NH
7067,NH
7068,H
7069,H
7070,H
7071,NH
7072,NH
7073,NH
7074,NH
7075,NH
7076,H
7077,H
7078,H
7079,H
7080,H
7081,H
7082,H
7083,NH
7084,NH
7085,H
7086,H
7087,NH
7088,H
7089,NH
7090,NH
7091,H
7092,NH
7093,H
7094,NH
7095,NH
7096,NH
7097,NH
7098,NH
7099,H
7100,NH
7101,H
7102,NH
7103,NH
7104,H
7105,NH
7106,H
7107,H
7108,H
7109,NH
7110,NH
7111,NH
7112,H
7113,H
7114,H
7115,H
7116,NH
7117,NH
7118,NH
7119,H
7120,H
7121,NH
7122,H
7123,NH
7124,H
7125,H
7126,H
7127,NH
7128,NH
7129,NH
7130,H
7131,H
7132,NH
7133,NH
7134,H
7135,NH
7136,NH
7137,NH
7138,H
7139,NH
7140,H
7141,NH
7142,H
7143,NH
7144,H
7145,NH
7146,NH
7147,NH
7148,NH
7149,H
7150,NH
7151,H
7152,NH
7153,NH
7154,NH
7155,H
7156,NH
7157,H
7158,NH
7159,NH
7160,NH
7161,H
7162,NH
7163,H
7164,NH
7165,H
7166,H
7167,NH
7168,NH
7169,NH
7170,H
7171,H
7172,NH
7173,H
7174,NH
7175,NH
7176,NH
7177,NH
7178,NH
7179,NH
7180,NH
7181,NH
7182,H
7183,NH
7184,H
7185,NH
7186,NH
7187,H
7188,NH
7189,NH
7190,NH
7191,H
7192,NH
7193,NH
7194,H
7195,NH
7196,H
7197,H
7198,H
7199,H
7200,H
7201,NH
7202,NH
7203,NH
7204,H
7205,H
7206,H
7207,NH
7208,NH
7209,H
7210,NH
7211,H
7212,NH
7213,NH
7214,H
7215,H
7216,NH
7217,NH
7218,NH
7219,H
7220,H
7221,H
7222,H
7223,NH
7224,NH
7225,H
7226,NH
7227,NH
7228,NH
7229,H
7230,H
7231,H
7232,NH
7233,H
7234,H
7235,H
7236,H
7237,H
7238,NH
7239,H
7240,NH
7241,H
7242,NH
7243,NH
7244,H
7245,H
7246,NH
7247,NH
7248,H
7249,NH
7250,H
7251,NH
7252,H
7253,NH
7254,H
7255,H
7256,H
7257,H
7258,H
7259,NH
7260,H
7261,H
7262,NH
7263,H
7264,H
7265,NH
7266,NH
7267,H
7268,NH
7269,NH
7270,H
7271,NH
7272,H
7273,NH
7274,NH
7275,NH
7276,NH
7277,H
7278,H
7279,NH
7280,NH
7281,H
7282,H
7283,NH
7284,NH
7285,NH
7286,NH
7287,NH
7288,NH
7289,NH
7290,NH
7291,NH
7292,H
7293,NH
7294,H
7295,H
7296,H
7297,H
7298,NH
7299,NH
7300,NH
7301,NH
7302,H
7303,NH
7304,NH
7305,NH
7306,NH
7307,NH
7308,NH
7309,NH
7310,H
7311,H
7312,NH
7313,H
7314,NH
7315,H
7316,NH
7317,NH
7318,NH
7319,H
7320,NH
7321,H
7322,NH
7323,H
7324,H
7325,H
7326,NH
7327,NH
7328,NH
7329,H
7330,H
7331,H
7332,H
7333,NH
7334,NH
7335,NH
7336,H
7337,H
7338,H
7339,NH
7340,NH
7341,H
7342,NH
7343,H
7344,H
7345,H
7346,NH
7347,NH
7348,H
7349,H
7350,NH
7351,H
7352,NH
7353,NH
7354,NH
7355,H
7356,NH
7357,NH
7358,NH
7359,H
7360,H
7361,H
7362,NH
7363,H
7364,NH
7365,NH
7366,NH
7367,NH
7368,H
7369,NH
7370,NH
7371,H
7372,NH
7373,NH
7374,NH
7375,H
7376,H
7377,NH
7378,H
7379,NH
7380,H
7381,NH
7382,H
7383,NH
7384,H
7385,NH
7386,H
7387,H
7388,NH
7389,H
7390,H
7391,NH
7392,NH
7393,NH
7394,H
7395,H
7396,NH
7397,NH
7398,NH
7399,NH
7400,NH
7401,H
7402,NH
7403,NH
7404,H
7405,NH
7406,NH
7407,NH
7408,H
7409,H
7410,H
7411,NH
7412,NH
7413,H
7414,NH
7415,H
7416,NH
7417,NH
7418,H
7419,NH
7420,NH
7421,NH
7422,NH
7423,H
7424,H
7425,H
7426,NH
7427,H
7428,H
7429,H
7430,H
7431,NH
7432,NH
7433,NH
7434,H
7435,NH
7436,NH
7437,NH
7438,H
7439,H
7440,NH
7441,H
7442,H
7443,NH
7444,H
7445,NH
7446,NH
7447,NH
7448,NH
7449,NH
7450,H
7451,H
7452,NH
7453,H
7454,H
7455,NH
7456,NH
7457,H
7458,H
7459,H
7460,H
7461,H
7462,NH
7463,H
7464,NH
7465,NH
7466,NH
7467,NH
7468,H
7469,H
7470,H
7471,NH
7472,H
7473,H
7474,H
7475,NH
7476,H
7477,H
7478,NH
7479,NH
7480,H
7481,NH
7482,NH
7483,H
7484,H
7485,H
7486,H
7487,NH
7488,H
7489,H
7490,NH
7491,H
7492,H
7493,NH
7494,NH
7495,NH
7496,NH
7497,NH
7498,NH
7499,NH
7500,NH
7501,NH
7502,NH
7503,NH
7504,H
7505,H
7506,H
7507,H
7508,NH
7509,NH
7510,H
7511,H
7512,NH
7513,H
7514,NH
7515,NH
7516,H
7517,NH
7518,H
7519,NH
7520,H
7521,NH
7522,NH
7523,NH
7524,NH
7525,NH
7526,NH
7527,NH
7528,NH
7529,H
7530,NH
7531,H
7532,NH
7533,H
7534,NH
7535,NH
7536,H
7537,H
7538,NH
7539,H
7540,H
7541,H
7542,H
7543,H
7544,H
7545,H
7546,NH
7547,H
7548,NH
7549,NH
7550,H
7551,H
7552,NH
7553,NH
7554,H
7555,H
7556,H
7557,NH
7558,NH
7559,H
7560,NH
7561,NH
7562,H
7563,H
7564,H
7565,NH
7566,H
7567,NH
7568,H
7569,NH
7570,NH
7571,NH
7572,NH
7573,NH
7574,NH
7575,H
7576,NH
7577,H
7578,H
7579,H
7580,NH
7581,NH
7582,H
7583,NH
7584,H
7585,NH
7586,H
7587,H
7588,NH
7589,NH
7590,H
7591,H
7592,H
7593,H
7594,H
7595,NH
7596,H
7597,H
7598,H
7599,NH
7600,H
7601,NH
7602,H
7603,NH
7604,H
7605,H
7606,NH
7607,NH
7608,H
7609,H
7610,NH
7611,NH
7612,H
7613,H
7614,H
7615,H
7616,H
7617,NH
7618,H
7619,NH
7620,NH
7621,H
7622,H
7623,NH
7624,NH
7625,H
7626,H
7627,NH
7628,H
7629,H
7630,NH
7631,NH
7632,H
7633,H
7634,H
7635,H
7636,H
7637,H
7638,H
7639,NH
7640,NH
7641,NH
7642,NH
7643,H
7644,H
7645,NH
7646,NH
7647,H
7648,H
7649,H
7650,H
7651,H
7652,NH
7653,H
7654,NH
7655,NH
7656,NH
7657,NH
7658,H
7659,H
7660,NH
7661,NH
7662,NH
7663,NH
7664,H
7665,NH
7666,H
7667,NH
7668,NH
7669,H
7670,H
7671,NH
7672,NH
7673,H
7674,NH
7675,NH
7676,NH
7677,NH
7678,H
7679,NH
7680,H
7681,H
7682,NH
7683,NH
7684,H
7685,H
7686,NH
7687,H
7688,NH
7689,H
7690,NH
7691,NH
7692,H
7693,NH
7694,NH
7695,H
7696,NH
7697,NH
7698,NH
7699,NH
7700,NH
7701,NH
7702,H
7703,H
7704,H
7705,NH
7706,H
7707,NH
7708,H
7709,NH
7710,H
7711,NH
7712,H
7713,NH
7714,H
7715,NH
7716,H
7717,H
7718,NH
7719,NH
7720,NH
7721,H
7722,H
7723,NH
7724,H
7725,NH
7726,NH
7727,H
7728,H
7729,NH
7730,NH
7731,NH
7732,NH
7733,H
7734,H
7735,H
7736,H
7737,NH
7738,H
7739,NH
7740,H
7741,H
7742,H
7743,NH
7744,NH
7745,NH
7746,H
7747,NH
7748,NH
7749,H
7750,H
7751,H
7752,NH
7753,H
7754,H
7755,NH
7756,NH
7757,NH
7758,NH
7759,H
7760,NH
7761,H
7762,H
7763,NH
7764,NH
7765,NH
7766,NH
7767,NH
7768,H
7769,NH
7770,H
7771,NH
7772,NH
7773,H
7774,H
7775,H
7776,NH
7777,NH
7778,NH
7779,NH
7780,NH
7781,H
7782,H
7783,H
7784,NH
7785,NH
7786,H
7787,H
7788,H
7789,H
7790,NH
7791,NH
7792,NH
7793,NH
7794,NH
7795,NH
7796,NH
7797,H
7798,NH
7799,H
7800,NH
7801,NH
7802,NH
7803,H
7804,H
7805,H
7806,NH
7807,NH
7808,H
7809,NH
7810,H
7811,NH
7812,H
7813,H
7814,H
7815,H
7816,H
7817,H
7818,NH
7819,NH
7820,H
7821,NH
7822,H
7823,NH
7824,NH
7825,NH
7826,H
7827,NH
7828,NH
7829,NH
7830,H
7831,H
7832,NH
7833,NH
7834,H
7835,NH
7836,NH
7837,NH
7838,NH
7839,NH
7840,NH
7841,NH
7842,NH
7843,NH
7844,H
7845,NH
7846,H
7847,H
7848,NH
7849,H
7850,H
7851,NH
7852,NH
7853,H
7854,H
7855,NH
7856,H
7857,NH
7858,H
7859,H
7860,NH
7861,NH
7862,H
7863,NH
7864,NH
7865,NH
7866,NH
7867,H
7868,H
7869,NH
7870,NH
7871,NH
7872,H
7873,H
7874,H
7875,NH
7876,H
7877,H
7878,H
7879,H
7880,NH
7881,H
7882,H
7883,NH
7884,H
7885,NH
7886,NH
7887,NH
7888,NH
7889,NH
7890,NH
7891,NH
7892,NH
7893,H
7894,NH
7895,NH
7896,H
7897,H
7898,H
7899,H
7900,H
7901,NH
7902,NH
7903,NH
7904,NH
7905,H
7906,H
7907,NH
7908,NH
7909,NH
7910,NH
7911,H
7912,NH
7913,H
7914,NH
7915,NH
7916,NH
7917,NH
7918,NH
7919,H
7920,H
7921,NH
7922,H
7923,NH
7924,NH
7925,NH
7926,NH
7927,H
7928,NH
7929,H
7930,H
7931,H
7932,H
7933,NH
7934,H
7935,NH
7936,H
7937,H
7938,H
7939,H
7940,H
7941,NH
7942,NH
7943,NH
7944,H
7945,H
7946,NH
7947,NH
7948,H
7949,H
7950,H
7951,H
7952,NH
7953,NH
7954,NH
7955,H
7956,H
7957,H
7958,NH
7959,H
7960,NH
7961,NH
7962,NH
7963,H
7964,NH
7965,NH
7966,H
7967,NH
7968,NH
7969,H
7970,NH
7971,H
7972,H
7973,NH
7974,NH
7975,H
7976,H
7977,H
7978,NH
7979,H
7980,NH
7981,NH
7982,NH
7983,NH
7984,H
7985,NH
7986,H
7987,H
7988,H
7989,H
7990,NH
7991,H
7992,H
7993,NH
7994,H
7995,NH
7996,NH
7997,H
7998,H
7999,H
8000,NH
8001,H
8002,NH
8003,H
8004,H
8005,NH
8006,NH
8007,NH
8008,NH
8009,NH
8010,NH
8011,H
8012,NH
8013,H
8014,NH
8015,H
8016,H
8017,H
8018,H
8019,NH
8020,H
8021,NH
8022,H
8023,NH
8024,H
8025,NH
8026,H
8027,NH
8028,NH
8029,H
8030,NH
8031,NH
8032,H
8033,NH
8034,NH
8035,H
8036,NH
8037,H
8038,NH
8039,H
8040,H
8041,NH
8042,H
8043,NH
8044,NH
8045,NH
8046,H
8047,NH
8048,H
8049,NH
8050,NH
8051,H
8052,NH
8053,H
8054,H
8055,H
8056,NH
8057,H
8058,NH
8059,NH
8060,H
8061,NH
8062,NH
8063,NH
8064,NH
8065,NH
8066,NH
8067,NH
8068,NH
8069,NH
8070,NH
8071,NH
8072,H
8073,H
8074,NH
8075,NH
8076,NH
8077,NH
8078,H
8079,NH
8080,NH
8081,H
8082,NH
8083,H
8084,NH
8085,H
8086,H
8087,NH
8088,NH
8089,H
8090,NH
8091,H
8092,H
8093,H
8094,NH
8095,H
8096,NH
8097,NH
8098,NH
8099,NH
8100,H
8101,H
8102,NH
8103,NH
8104,NH
8105,H
8106,H
8107,NH
8108,NH
8109,NH
8110,H
8111,NH
8112,H
8113,NH
8114,NH
8115,NH
8116,NH
8117,H
8118,NH
8119,H
8120,NH
8121,H
8122,NH
8123,NH
8124,H
8125,H
8126,NH
8127,NH
8128,NH
8129,H
8130,NH
8131,H
8132,H
8133,NH
8134,NH
8135,NH
8136,H
8137,H
8138,NH
8139,NH
8140,H
8141,NH
8142,NH
8143,H
8144,NH
8145,NH
8146,NH
8147,NH
8148,NH
8149,H
8150,NH
8151,NH
8152,NH
8153,H
8154,NH
8155,H
8156,H
8157,NH
8158,H
8159,NH
8160,H
8161,H
8162,NH
8163,H
8164,NH
8165,NH
8166,NH
8167,NH
8168,NH
8169,NH
8170,H
8171,NH
8172,NH
8173,H
8174,NH
8175,NH
8176,H
8177,H
8178,H
8179,NH
8180,NH
8181,NH
8182,NH
8183,H
8184,H
8185,NH
8186,NH
8187,H
8188,NH
8189,NH
8190,NH
8191,NH
8192,H
8193,NH
8194,H
8195,NH
8196,NH
8197,H
8198,H
8199,H
8200,H
8201,H
8202,NH
8203,NH
8204,H
8205,NH
8206,NH
8207,NH
8208,NH
8209,H
8210,NH
8211,NH
8212,NH
8213,NH
8214,NH
8215,NH
8216,H
8217,H
8218,NH
8219,NH
8220,NH
8221,H
8222,NH
8223,NH
8224,H
8225,H
8226,H
8227,H
8228,NH
8229,NH
8230,NH
8231,NH
8232,NH
8233,NH
8234,NH
8235,H
8236,NH
8237,H
8238,NH
8239,NH
8240,H
8241,NH
8242,NH
8243,NH
8244,H
8245,H
8246,NH
8247,H
8248,NH
8249,NH
8250,NH
8251,H
8252,NH
8253,H
8254,H
8255,NH
8256,NH
8257,H
8258,NH
8259,NH
8260,NH
8261,H
8262,H
8263,NH
8264,NH
8265,H
8266,NH
8267,H
8268,H
8269,H
8270,NH
8271,NH
8272,NH
8273,NH
8274,H
8275,NH
8276,NH
8277,H
8278,H
8279,NH
8280,H
8281,NH
8282,NH
8283,NH
8284,NH
8285,NH
8286,NH
8287,NH
8288,NH
8289,NH
8290,NH
8291,NH
8292,H
8293,H
8294,H
8295,H
8296,NH
8297,NH
8298,H
8299,NH
8300,NH
8301,NH
8302,H
8303,H
8304,H
8305,NH
8306,NH
8307,H
8308,NH
8309,NH
8310,NH
8311,H
8312,NH
8313,NH
8314,H
8315,NH
8316,H
8317,H
8318,NH
8319,NH
8320,NH
8321,NH
8322,H
8323,NH
8324,NH
8325,H
8326,NH
8327,NH
8328,H
8329,NH
8330,NH
8331,H
8332,H
8333,NH
8334,H
8335,NH
8336,NH
8337,H
8338,NH
8339,H
8340,NH
8341,NH
8342,NH
8343,H
8344,NH
8345,NH
8346,NH
8347,H
8348,NH
8349,NH
8350,H
8351,H
8352,NH
8353,NH
8354,H
8355,NH
8356,NH
8357,NH
8358,H
8359,NH
8360,NH
8361,H
8362,H
8363,NH
8364,NH
8365,H
8366,NH
8367,NH
8368,H
8369,NH
8370,NH
8371,NH
8372,NH
8373,NH
8374,H
8375,NH
8376,H
8377,H
8378,NH
8379,NH
8380,NH
8381,NH
8382,H
8383,H
8384,H
8385,H
8386,NH
8387,NH
8388,NH
8389,NH
8390,H
8391,H
8392,NH
8393,H
8394,NH
8395,H
8396,H
8397,H
8398,H
8399,NH
8400,H
8401,H
8402,NH
8403,NH
8404,H
8405,NH
8406,NH
8407,H
8408,NH
8409,H
8410,NH
8411,NH
8412,NH
8413,H
8414,NH
8415,NH
8416,H
8417,H
8418,NH
8419,NH
8420,NH
8421,NH
8422,H
8423,NH
8424,NH
8425,NH
8426,NH
8427,NH
8428,H
8429,NH
8430,NH
8431,NH
8432,H
8433,H
8434,H
8435,NH
8436,NH
8437,H
8438,NH
8439,NH
8440,NH
8441,NH
8442,H
8443,H
8444,NH
8445,H
8446,NH
8447,NH
8448,NH
8449,NH
8450,H
8451,H
8452,NH
8453,NH
8454,NH
8455,NH
8456,NH
8457,NH
8458,H
8459,NH
8460,NH
8461,H
8462,NH
8463,NH
8464,NH
8465,NH
8466,NH
8467,NH
8468,NH
8469,H
8470,H
8471,NH
8472,NH
8473,NH
8474,H
8475,NH
8476,H
8477,NH
8478,NH
8479,H
8480,NH
8481,H
8482,NH
8483,NH
8484,H
8485,H
8486,H
8487,H
8488,H
8489,H
8490,H
8491,NH
8492,H
8493,NH
8494,NH
8495,H
8496,H
8497,H
8498,NH
8499,NH
8500,H
8501,NH
8502,NH
8503,NH
8504,NH
8505,NH
8506,NH
8507,H
8508,H
8509,H
8510,H
8511,NH
8512,NH
8513,NH
8514,NH
8515,H
8516,H
8517,H
8518,H
8519,H
8520,H
8521,H
8522,H
8523,H
8524,NH
8525,NH
8526,H
8527,H
8528,NH
8529,H
8530,NH
8531,NH
8532,H
8533,NH
8534,H
8535,NH
8536,NH
8537,NH
8538,NH
8539,H
8540,NH
8541,H
8542,NH
8543,NH
8544,H
8545,NH
8546,H
8547,NH
8548,NH
8549,H
8550,NH
8551,NH
8552,H
8553,NH
8554,NH
8555,NH
8556,H
8557,NH
8558,H
8559,NH
8560,NH
8561,H
8562,H
8563,NH
8564,H
8565,NH
8566,H
8567,H
8568,NH
8569,H
8570,NH
8571,NH
8572,NH
8573,NH
8574,NH
8575,NH
8576,NH
8577,NH
8578,H
8579,NH
8580,NH
8581,NH
8582,NH
8583,H
8584,NH
8585,H
8586,H
8587,NH
8588,H
8589,NH
8590,NH
8591,NH
8592,H
8593,NH
8594,NH
8595,NH
8596,H
8597,NH
8598,NH
8599,NH
8600,H
8601,NH
8602,NH
8603,H
8604,NH
8605,H
8606,NH
8607,NH
8608,NH
8609,H
8610,H
8611,NH
8612,NH
8613,H
8614,H
8615,NH
8616,H
8617,H
8618,H
8619,NH
8620,NH
8621,NH
8622,NH
8623,NH
8624,NH
8625,H
8626,NH
8627,H
8628,H
8629,NH
8630,H
8631,NH
8632,NH
8633,H
8634,NH
8635,H
8636,H
8637,NH
8638,NH
8639,H
8640,NH
8641,NH
8642,H
8643,H
8644,H
8645,NH
8646,H
8647,NH
8648,H
8649,H
8650,NH
8651,NH
8652,NH
8653,H
8654,NH
8655,NH
8656,H
8657,H
8658,H
8659,NH
8660,NH
8661,NH
8662,NH
8663,H
8664,NH
8665,H
8666,H
8667,H
8668,H
8669,H
8670,H
8671,NH
8672,NH
8673,NH
8674,NH
8675,H
8676,H
8677,H
8678,NH
8679,NH
8680,H
8681,H
8682,NH
8683,H
8684,NH
8685,H
8686,NH
8687,NH
8688,H
8689,H
8690,H
8691,H
8692,NH
8693,H
8694,NH
8695,NH
8696,NH
8697,H
8698,H
8699,H
8700,NH
8701,NH
8702,NH
8703,H
8704,NH
8705,NH
8706,NH
8707,NH
8708,H
8709,H
8710,NH
8711,H
8712,H
8713,NH
8714,NH
8715,H
8716,H
8717,NH
8718,H
8719,NH
8720,NH
8721,H
8722,NH
8723,NH
8724,H
8725,NH
8726,NH
8727,H
8728,H
8729,NH
8730,NH
8731,NH
8732,NH
8733,NH
8734,NH
8735,H
8736,NH
8737,H
8738,NH
8739,NH
8740,H
8741,NH
8742,H
8743,NH
8744,H
8745,H
8746,H
8747,H
8748,H
8749,NH
